4379957	2026-08-24T19:26:07+00:00	blocks/0086d247bf09ca2b970b0b925f7e6bfd
4351244	2026-08-24T19:26:51+00:00	blocks/00e82fa373d629f883f387e37bf64a5c
4239582	2026-08-24T19:26:00+00:00	blocks/00eab2198c5768bfc8abce9d968a28bf
4223370	2026-08-24T19:26:58+00:00	blocks/01529f2926da7cc50af7c9ac3260223c
4214934	2026-08-24T19:28:10+00:00	blocks/01a2f4fa0789221891a25ef245b8a8d8
4492842	2026-08-24T19:26:07+00:00	blocks/01bc208817a865b8b4d71dfb78ccdf5a
4337659	2026-08-24T19:27:55+00:00	blocks/02107a64d29cd3b703613c9394693c7f
4209787	2026-08-24T19:28:18+00:00	blocks/023912b589eda25035579c0e72f2464e
4243699	2026-08-24T19:27:54+00:00	blocks/026629b6ecacac7fee33398468951bf0
4227323	2026-08-24T19:28:42+00:00	blocks/026d3a9dbee7d295d5d9ec9d2cc2a818
4215025	2026-08-24T19:28:32+00:00	blocks/028a2840b5811e175ecfe75099d338cd
4214529	2026-08-24T19:28:17+00:00	blocks/02926bac7374caeb94c76a02790056cb
4214255	2026-08-24T19:28:30+00:00	blocks/02db49684196dcf14de579c3299a0247
4377088	2026-08-24T19:26:25+00:00	blocks/02df62025bfa7a9f8b50d5dc635aa3a0
4209604	2026-08-24T19:28:45+00:00	blocks/02fce5b987b98e9fc143ce8d0e102341
4367124	2026-08-24T19:26:33+00:00	blocks/0329ba3db7cd15a93e6c46608d9a612f
4363872	2026-08-24T19:27:53+00:00	blocks/0354e711973a101c3dc9e1b3af54e533
4227964	2026-08-24T19:29:02+00:00	blocks/03893ea2067874380f7133d830b1ba48
4349044	2026-08-24T19:25:49+00:00	blocks/03a9eb27ef2712422e451d2908817697
4322840	2026-08-24T19:27:12+00:00	blocks/03c603409415ae0c71f9f09adada746a
4194482	2026-08-24T19:26:20+00:00	blocks/03e8c14864bafde527573bf5bce7447d
4219939	2026-08-24T19:28:36+00:00	blocks/03fccdb0b9ba7850391a2fca918193e8
4462311	2026-08-24T19:25:54+00:00	blocks/04009f5a9b8764405e8140c4eca73abd
4397484	2026-08-24T19:26:22+00:00	blocks/04336b9dc423966db8b6f1f0b203a96a
4448365	2026-08-24T19:27:14+00:00	blocks/04505bc4374a86d8c19598bbc399792b
4292233	2026-08-24T19:25:52+00:00	blocks/04b40e153c7150b5470c0b8e5d94e498
4227624	2026-08-24T19:28:16+00:00	blocks/04b7785731f96053698a6800f1b28583
4210670	2026-08-24T19:27:49+00:00	blocks/04bc3ad22a42fa6f692b6406d40ed17c
4262757	2026-08-24T19:26:59+00:00	blocks/050eea4f53d58ff2414a8ccf7c002dcc
4211404	2026-08-24T19:28:26+00:00	blocks/052376349c52c6c8d3dbb07d4f29ca1f
4480911	2026-08-24T19:28:02+00:00	blocks/0531efcb4373e7846fe021bb77834563
4210455	2026-08-24T19:28:46+00:00	blocks/0550b3c6f86fa4c3015a81bba4b393e5
4318913	2026-08-24T19:26:21+00:00	blocks/0567ea08218d336d9c9b2aab26792f1b
4239609	2026-08-24T19:28:04+00:00	blocks/05922372fba2acba9cb0895df0e12da3
4291621	2026-08-24T19:26:25+00:00	blocks/05949b2188ba647b50b8cc8074429cb0
4290777	2026-08-24T19:26:47+00:00	blocks/0594fcb218d7b2b72ecfacc4a0ff90a9
4215574	2026-08-24T19:28:41+00:00	blocks/05c4d0b9d48690b6078a151f28f1f629
4210836	2026-08-24T19:28:09+00:00	blocks/05d2f4cd31799f5686a1e64e5b979f27
4318474	2026-08-24T19:26:13+00:00	blocks/05ffddda73ea4aa51fdfd58fa239bdbc
4298046	2026-08-24T19:26:25+00:00	blocks/060cb5b0ea65c924f07fee120a5689ff
4291213	2026-08-24T19:26:22+00:00	blocks/063afb7e3e8532870463fe9fb727c900
4431431	2026-08-24T19:26:27+00:00	blocks/0648ff9a44e04901961637dfd7a53c06
4211508	2026-08-24T19:27:49+00:00	blocks/064b2a1086069eebc17a924a246f8f9e
4468681	2026-08-24T19:26:14+00:00	blocks/068516da8bb685924a68eb027a166779
4308244	2026-08-24T19:26:56+00:00	blocks/069e257aac2aecca068b2bfce4e19200
4223197	2026-08-24T19:28:44+00:00	blocks/06be90f2937915acd077028bd40f9339
5223566	2026-08-24T19:26:20+00:00	blocks/0700e9d78baed35bd89297b29b3b08d4
4211481	2026-08-24T19:28:32+00:00	blocks/07064e95a114fc01c28c6a547f86e35d
4135293	2026-08-24T19:25:55+00:00	blocks/071e57c8508d5e8780dbf2b527bf0ef4
4219668	2026-08-24T19:28:15+00:00	blocks/074d96db44b4be89e1516b3af9f94672
4370344	2026-08-24T19:27:21+00:00	blocks/076004d085209fa1a7fb198cc096d37b
4299442	2026-08-24T19:26:22+00:00	blocks/07ca505e275874d37e4db1cf2e3c2019
4254699	2026-08-24T19:26:08+00:00	blocks/07d277ffdc16078a230ee6ff8aa4fcf1
4211139	2026-08-24T19:28:50+00:00	blocks/07d620d60ceccf67dc1b0a0a2bceb306
4314756	2026-08-24T19:27:25+00:00	blocks/07d75bb606ebfc526129544f7ff76aba
4211409	2026-08-24T19:28:25+00:00	blocks/07f244f9291a21efcef899190f84eb57
4268194	2026-08-24T19:26:01+00:00	blocks/07f563e6eb5c0c895613f9ccc320dc90
4215471	2026-08-24T19:28:19+00:00	blocks/0801be02f52060ca4d5a69af5a2eaa46
298879	2026-08-24T19:27:30+00:00	blocks/0827035e5e36bdaf931d33fea9f8ba3e
4281429	2026-08-24T19:25:53+00:00	blocks/087c97b16be9aeea32b762e57cab9798
4219610	2026-08-24T19:28:03+00:00	blocks/08b645756203fc9092046915889e4521
4314132	2026-08-24T19:27:07+00:00	blocks/08c8568eaf04a3190de9e81064fc9865
4214484	2026-08-24T19:28:48+00:00	blocks/09061348b2acb3f2fc3f42bcf0887cc5
4216376	2026-08-24T19:28:41+00:00	blocks/09336cdfeb23731961c8e5b231ca63d9
4249167	2026-08-24T19:25:58+00:00	blocks/09d5e122d032c912df134b5d5e0a5e68
4210766	2026-08-24T19:27:48+00:00	blocks/09dd24cde29c07e2927ff00cc25b7715
4390369	2026-08-24T19:28:00+00:00	blocks/0a0fd62ccbb9391df741f9eb2da29f24
4218245	2026-08-24T19:28:31+00:00	blocks/0a13c7eed940ed5b1b601d201251addd
4339515	2026-08-24T19:26:08+00:00	blocks/0a25f31b08ee16b9d72f58341d067204
4297801	2026-08-24T19:27:52+00:00	blocks/0a5a3fd5c977346a8ed0ec75cd302462
4214626	2026-08-24T19:28:04+00:00	blocks/0a630b19712e66f5cd5cb3867db714cd
4221667	2026-08-24T19:28:37+00:00	blocks/0aa87ef93b9d6e6e5a9e2bb5ac29494b
4236317	2026-08-24T19:26:18+00:00	blocks/0aab067bda75f64ce0c2d6baef89049b
4347866	2026-08-24T19:25:49+00:00	blocks/0ab9718c73ec491758cc04f0b4cf9da3
4294174	2026-08-24T19:27:55+00:00	blocks/0ad5b5f44ec53f546fdad42444b654ac
4231364	2026-08-24T19:27:07+00:00	blocks/0af1362720815e098f3d40398aee1366
4281450	2026-08-24T19:26:44+00:00	blocks/0b0c0a2c32f8dbb6eebc6166158a772f
4341548	2026-08-24T19:26:43+00:00	blocks/0b1209c336dc52e1683106b84d6dbb33
4224815	2026-08-24T19:25:50+00:00	blocks/0b394c5716e0a4ad1abe245750b80058
4300739	2026-08-24T19:27:53+00:00	blocks/0b64a70eb2c5199e4ce3948e5bf3493b
4292199	2026-08-24T19:28:00+00:00	blocks/0c6ad97b92113034d2700a32e707ce9a
4211636	2026-08-24T19:28:10+00:00	blocks/0c6d5616b9874702d5c9252a6e73939c
4211510	2026-08-24T19:28:08+00:00	blocks/0c775c6e2036c01236860e2dfb97e3d0
4263963	2026-08-24T19:27:21+00:00	blocks/0cbd0f980491ff384349595c77414a90
4308247	2026-08-24T19:26:17+00:00	blocks/0cceb3849cac709d8c4ac4421fe89f47
4374079	2026-08-24T19:26:24+00:00	blocks/0d9243fac009eef56336f433bc059dda
5041847	2026-08-24T19:26:20+00:00	blocks/0db7cf91705775d919a746f4f112f7cb
4410660	2026-08-24T19:26:47+00:00	blocks/0dc95c14293a815bbf7293d9efabc48c
4214058	2026-08-24T19:29:14+00:00	blocks/0e05513667706e3fe13d68209bfeb3b6
4279150	2026-08-24T19:27:22+00:00	blocks/0e0eb037aae6961715d6636f14ef5fae
4210229	2026-08-24T19:28:17+00:00	blocks/0e164e25fc49c0f0b5383d6c0f68c46c
4325270	2026-08-24T19:27:33+00:00	blocks/0ec5685f3d961c7e196b953a6963760a
4455377	2026-08-24T19:27:22+00:00	blocks/0fc53f793949920088bdf0e22c3332d7
4210966	2026-08-24T19:28:54+00:00	blocks/103e5d2b6ce66dfe2f4745f7733b7c98
4211384	2026-08-24T19:29:03+00:00	blocks/108d2da50f86e6a14d78d566b2941f1a
4289409	2026-08-24T19:27:12+00:00	blocks/10cc72c7c314674df555f780be0e6f5e
4211130	2026-08-24T19:28:28+00:00	blocks/10da7c5c84d0bb2db43cd9cd8a09aef9
4282559	2026-08-24T19:25:49+00:00	blocks/10faf0f2517720dc8bc9d01fedfe1f39
4336275	2026-08-24T19:27:26+00:00	blocks/111855648e0f3811e2bd1208964f6423
4487257	2026-08-24T19:26:01+00:00	blocks/112de12227f21b7549982d489697ce68
4223772	2026-08-24T19:28:17+00:00	blocks/1136b3e6022b3d18a71f8d8f6b6ac27e
4224811	2026-08-24T19:27:11+00:00	blocks/118d7601c4f90046d76105d74ee9e827
4276280	2026-08-24T19:27:10+00:00	blocks/118e1aad9298dffc9c1dab970a667563
4219399	2026-08-24T19:28:03+00:00	blocks/11ec9f8740b6b2385fcf30b3fbc71c4a
4276735	2026-08-24T19:27:22+00:00	blocks/121a60a5538d3d410ed86b16089ceaee
4223804	2026-08-24T19:29:09+00:00	blocks/121b25370b19892c43182b2086dad2ab
4322763	2026-08-24T19:27:02+00:00	blocks/122dced209effddc4aed4900a44fe0f3
4224247	2026-08-24T19:27:58+00:00	blocks/12b4cc1600df48fdb66b9b262ee5ebee
4214395	2026-08-24T19:29:13+00:00	blocks/12c6e51853ed023b60bc20b47b8ad74f
4315486	2026-08-24T19:26:24+00:00	blocks/12d25f3c085d7e7d48225fdea57b5a06
4218622	2026-08-24T19:26:00+00:00	blocks/12d9a467f6fbf1c8a5dbb9e91b13d169
4211378	2026-08-24T19:28:08+00:00	blocks/12f197c02ecb67f610495a95afbe9fdc
4266667	2026-08-24T19:27:11+00:00	blocks/12f909ab4bc7d9bc99b089f57da67cde
4226439	2026-08-24T19:27:46+00:00	blocks/135da7888c1f81ba3791952914f76335
4355088	2026-08-24T19:26:25+00:00	blocks/137660e2a1cddb404babde5ec31ef747
4345682	2026-08-24T19:27:01+00:00	blocks/138ed561c3a19668db8fcf9ab208961b
4288415	2026-08-24T19:27:28+00:00	blocks/13bac7aacdb9a7b80c4adfcbec2e73b5
4326171	2026-08-24T19:26:35+00:00	blocks/13e296e1acf4d8850770ab21f7cb8e96
4238179	2026-08-24T19:26:25+00:00	blocks/13e3d52816c8d9f9ed8d67494dfcc85c
4211001	2026-08-24T19:28:14+00:00	blocks/1436e867bcb61a23384317d1ce3881d2
4256815	2026-08-24T19:26:20+00:00	blocks/1498c525f309bca1031b795a887a3e39
5231025	2026-08-24T19:26:20+00:00	blocks/14f7fff941ad641e4d77372f601c7e28
4391990	2026-08-24T19:26:20+00:00	blocks/1557e391547e2702f024f4d2a48ab939
4209614	2026-08-24T19:28:04+00:00	blocks/1558d7b0f33a458bb54f156ae6111dc2
4372891	2026-08-24T19:26:31+00:00	blocks/15839d94b5f9b6d0a54ebcf6e95ea326
4776208	2026-08-24T19:25:55+00:00	blocks/15f888c2be0c41147b0b1da77c58c19f
4420121	2026-08-24T19:26:17+00:00	blocks/16248dc38d83a292747650cf307ee403
4218451	2026-08-24T19:29:03+00:00	blocks/16353a22d3115ee18b7d5e1cdba80b60
4238950	2026-08-24T19:26:45+00:00	blocks/16696f3d92ab77da1ac7dbd08d94113d
4210645	2026-08-24T19:28:32+00:00	blocks/1673bafc64dce11f52bd0d9c8c0589eb
4319064	2026-08-24T19:26:58+00:00	blocks/167b664d7ddc2524ff45563ea9d3af03
4294657	2026-08-24T19:27:29+00:00	blocks/167f4f538e78e700540f5aaa1ea74065
4244092	2026-08-24T19:26:48+00:00	blocks/16a636010cd1db4214366f8a7e2324ba
4238126	2026-08-24T19:27:12+00:00	blocks/16fdfc91e1b6099b5f0116260f871441
4279849	2026-08-24T19:27:21+00:00	blocks/17011d3a20cc09cc7b0776d5d8513924
5045585	2026-08-24T19:26:20+00:00	blocks/1744c9a5d1bf2069408534d7e1864a87
4227152	2026-08-24T19:28:27+00:00	blocks/1789ccff3e76ce43653814fff0f3bde4
4394980	2026-08-24T19:26:59+00:00	blocks/17ba098e0ef7c9d0e1c3f74d731443ca
4327376	2026-08-24T19:25:46+00:00	blocks/18208d8c68c5b54eb8a6dac64917c501
4258319	2026-08-24T19:26:14+00:00	blocks/185345aec03e0dafac8d0a0fc66ff70e
4256671	2026-08-24T19:26:30+00:00	blocks/186ff359808f3c36212069d274cb8a68
4215101	2026-08-24T19:27:51+00:00	blocks/18a30850621b7c14b55d4656dcb0b749
4247165	2026-08-24T19:28:31+00:00	blocks/18a57c5dbfd2451bc3e2be02d7867998
4234805	2026-08-24T19:29:04+00:00	blocks/195eff372d9ac58a9740616031d02b44
4210563	2026-08-24T19:28:41+00:00	blocks/196fe266591de604fd2d7215c186a184
4211717	2026-08-24T19:28:21+00:00	blocks/19855c379c18dda024b3eb5c7384b3c8
5234624	2026-08-24T19:25:55+00:00	blocks/199bd5303ff738b4da6ba4a9a1240b93
4215277	2026-08-24T19:28:31+00:00	blocks/19d89d88853a1ce94af55f68ec6fe576
4254081	2026-08-24T19:26:23+00:00	blocks/19eefdbf06dd1e71004c35cf52c478cd
4211377	2026-08-24T19:28:24+00:00	blocks/19f3d84db0a1edabd7526da4666e137b
4323146	2026-08-24T19:27:07+00:00	blocks/1a0bcf0130dca0cde7baa19e297e51cc
4211915	2026-08-24T19:28:10+00:00	blocks/1a1d444df543a5be62fa98b8192fde9c
4238291	2026-08-24T19:27:58+00:00	blocks/1a807a4dd1756b9bf99bddd6870f0af1
4211172	2026-08-24T19:28:22+00:00	blocks/1abff1e78a5fdba5c8ad42b46899ecda
4292422	2026-08-24T19:27:11+00:00	blocks/1acd9cef72cc7039d6608aac25552a79
4210254	2026-08-24T19:28:06+00:00	blocks/1b0bdad0def6025d1ab06c6da76f8376
4271668	2026-08-24T19:27:12+00:00	blocks/1b17f57e36c07ab943e00166b0f39f19
4328938	2026-08-24T19:26:52+00:00	blocks/1b2fb1ee62caa79568458dc0bc058556
4402086	2026-08-24T19:26:10+00:00	blocks/1bd946584802e938ffc004d020751fb9
4321605	2026-08-24T19:27:58+00:00	blocks/1be0cad2a3bcc00cacc4543087b41c24
4346152	2026-08-24T19:26:53+00:00	blocks/1bf25afc3b580fff44de4f6760d674d4
4338561	2026-08-24T19:27:24+00:00	blocks/1c7a37c9dc3828015512eafab460572e
4290136	2026-08-24T19:25:55+00:00	blocks/1c7a720f298ca1ca53b0157a73ea6703
4385821	2026-08-24T19:26:23+00:00	blocks/1ca597cde81922c024c1ebaefcf3dd7e
4247407	2026-08-24T19:26:28+00:00	blocks/1cf3332b5e0cfcabe67069a411318052
4211336	2026-08-24T19:28:56+00:00	blocks/1e32eb3989a59671b8a8ee38842dfa8e
4267282	2026-08-24T19:27:11+00:00	blocks/1e3c65946c5a6170b434c8aaa9e1bb10
4385814	2026-08-24T19:25:50+00:00	blocks/1e843e5430b75ddf96aea282d51ddc29
4227800	2026-08-24T19:28:18+00:00	blocks/1ea0723e3ca4967355415fa560025f55
4307791	2026-08-24T19:26:10+00:00	blocks/1ebac8d03c6392a7904dc4aec8d97103
4260974	2026-08-24T19:26:45+00:00	blocks/1f0ab7a48b4054a0b0577203eb2dcc35
4225899	2026-08-24T19:28:32+00:00	blocks/1f2b79e90fe1d3fbd08d45a087892267
4503965	2026-08-24T19:27:57+00:00	blocks/1f37f9d89a42e561a8b1aa86abd49066
4327224	2026-08-24T19:26:41+00:00	blocks/1f41c5ab3e99cb349e5b2e52f157d4b9
4326335	2026-08-24T19:26:25+00:00	blocks/1f7a4845cb8156dd7e3f8574f28f50e9
4252885	2026-08-24T19:26:51+00:00	blocks/202a817d1bae91c3968a2f96a9f4a1c0
4297813	2026-08-24T19:27:55+00:00	blocks/20b59e1b1f712f95100cf8057c041c49
4320774	2026-08-24T19:27:29+00:00	blocks/20e090711faa7b2a2d207a8c333e5628
4211246	2026-08-24T19:28:41+00:00	blocks/20e363b0ca230c59b873e0da51bb512e
4330174	2026-08-24T19:27:55+00:00	blocks/20e8ad1a84ca746bf1b3ba1296a2247b
4211955	2026-08-24T19:27:56+00:00	blocks/20e93257ea233acf6b8e68969ec6c951
4219705	2026-08-24T19:28:22+00:00	blocks/211eb8bf853cee3236e1f1eff90c9f15
4282785	2026-08-24T19:27:28+00:00	blocks/212d816550003ab3cc95a274280f3908
4339300	2026-08-24T19:27:24+00:00	blocks/2161abdec23de18bac2151855ff641a1
4306869	2026-08-24T19:26:54+00:00	blocks/219bfc8892df802ceeaded373ae00e55
4211581	2026-08-24T19:28:46+00:00	blocks/21a4529ffdf4eec927cf8ca7ce4501ec
4258682	2026-08-24T19:25:59+00:00	blocks/21ceb972ab9fb8f8caf4eaaa0e039963
4244736	2026-08-24T19:27:14+00:00	blocks/21d9c7ee7b2c7f7b921bbbadaef61f85
4396966	2026-08-24T19:26:24+00:00	blocks/224927bcddda6939644553797b4bb1e0
4243959	2026-08-24T19:27:50+00:00	blocks/22545a530ffafdc19621a9e7d6d5598c
4210809	2026-08-24T19:29:05+00:00	blocks/22790230929dbd105e48b4d045168e0a
4227727	2026-08-24T19:29:03+00:00	blocks/235a775437246115251b03eeff0e55c1
4288277	2026-08-24T19:26:49+00:00	blocks/23974fe801ff21018f12f03fb9b6f73f
4365847	2026-08-24T19:26:17+00:00	blocks/23a6668d9555aa27812faecdac8c1adb
4267239	2026-08-24T19:26:21+00:00	blocks/23aa7c341a3eb1bfefa399d8bf8e4bb2
4211786	2026-08-24T19:27:54+00:00	blocks/241e312f416e315194aea78065db0ddd
4288531	2026-08-24T19:26:50+00:00	blocks/24232b4b4dbb6d9f80c10e206ec47230
4210459	2026-08-24T19:28:14+00:00	blocks/243dababe6e2b65a4ef470c9afa38ace
4511832	2026-08-24T19:27:24+00:00	blocks/244db610ba30260acaeb2c0fcd86253f
4326307	2026-08-24T19:27:11+00:00	blocks/2478e46c21a6b69b08bf85648dc12e27
4278275	2026-08-24T19:27:00+00:00	blocks/24936e4edfcf0027e0c435fdceaa9cc5
4423747	2026-08-24T19:26:20+00:00	blocks/24b3168f5fd82db8167d49ea9e0ff36e
4287736	2026-08-24T19:26:03+00:00	blocks/24cb2494d7d3b75ed2344ecb631d55f3
4447168	2026-08-24T19:26:25+00:00	blocks/24d79f4b4ba9932bd0d3926291876f31
4210962	2026-08-24T19:28:14+00:00	blocks/24fa7224e386a20905fd841b113e8a91
2582217	2026-08-24T19:27:39+00:00	blocks/25535d3b7d5ba8e84d9422dbc62a17d3
4211209	2026-08-24T19:28:54+00:00	blocks/2562d31c772a3890148feec59329b6ca
4248380	2026-08-24T19:26:22+00:00	blocks/2569afb0a915885af4073af7849074ec
4210901	2026-08-24T19:28:36+00:00	blocks/25c75b6f710cd4a80513676b4b798efd
4370947	2026-08-24T19:26:28+00:00	blocks/25d9616de6459b36a8ed3a065077c6b3
4223594	2026-08-24T19:28:50+00:00	blocks/25f0f28462a16442c6fafeaf97a4fb2a
4430022	2026-08-24T19:27:28+00:00	blocks/25f6f4c1b6f46a76b35e1ca302818e57
4400473	2026-08-24T19:26:24+00:00	blocks/263451309c25b7dd6298f8f1c5708db6
4445526	2026-08-24T19:27:54+00:00	blocks/2674e1352df42aa145dd8f977f2891c2
4236652	2026-08-24T19:26:18+00:00	blocks/26baf3557298f6946c299d7aea5d264b
4318847	2026-08-24T19:26:42+00:00	blocks/26bf4b206725e079f41412a2fea8d94a
4305574	2026-08-24T19:27:23+00:00	blocks/26d7f28139d73b730102076ba663ac75
4324307	2026-08-24T19:27:10+00:00	blocks/26e858312eef0020d37a15c66c798244
4238163	2026-08-24T19:26:26+00:00	blocks/271251e8637e85bd693097578d9709a7
4431488	2026-08-24T19:26:22+00:00	blocks/271d2cc7f971de3e1f6be45947ffd779
4211047	2026-08-24T19:28:21+00:00	blocks/2783f5027c00d4a0f7a1209eed91e795
4280378	2026-08-24T19:26:13+00:00	blocks/278411b4928b3b297294037dc52d1644
4357660	2026-08-24T19:28:00+00:00	blocks/27921a17ec7f06e8a67cbb9351e38041
4212446	2026-08-24T19:28:26+00:00	blocks/27c5d8c82518482dd58406fd5b0d8a74
4281571	2026-08-24T19:25:53+00:00	blocks/27eb7f7647ca143461b90f427a174dac
4391803	2026-08-24T19:26:30+00:00	blocks/27fcd4a1ec1b98a450fd4c69fdc854c9
4438986	2026-08-24T19:27:50+00:00	blocks/28126361597e0b3c8cbb7c2307d9ac59
4375316	2026-08-24T19:26:41+00:00	blocks/2818223574bcd19b27d234678095c4f1
4251078	2026-08-24T19:27:26+00:00	blocks/281ea6fb98b0e56209150a402cddb4b5
4274649	2026-08-24T19:26:13+00:00	blocks/2838ada858584b4834108c5abca36cf7
4330607	2026-08-24T19:25:57+00:00	blocks/28400fbe6d463f05fb8d9725dfa4cedb
4297018	2026-08-24T19:27:11+00:00	blocks/2873da80d3d31bf0ae572c2e90e36118
4215741	2026-08-24T19:29:06+00:00	blocks/2881ad7aeb1f0f958131d48e4212f4e6
4379493	2026-08-24T19:26:30+00:00	blocks/2954df1250e4602b8413a935c00064b8
4249609	2026-08-24T19:27:24+00:00	blocks/296957ac608deaf547e9276a4e13e665
4281729	2026-08-24T19:27:58+00:00	blocks/298ab85a8dd076d525c1156ccaa1cd04
4463959	2026-08-24T19:26:52+00:00	blocks/29d8455e371ec69d3859e71393da5d4e
4323406	2026-08-24T19:26:23+00:00	blocks/2a117625e09394d232c38b65dabdadd5
4476636	2026-08-24T19:26:07+00:00	blocks/2a2bd8a72a186db5e08056e99a7fe4b3
4365432	2026-08-24T19:26:36+00:00	blocks/2a2dc01a16a99a0b2649321bfc08508a
4194482	2026-08-24T19:26:18+00:00	blocks/2a3c2a0e875db253e2d9a7a2a47c3da0
4302002	2026-08-24T19:25:50+00:00	blocks/2a9548cdebf416c6344b3c2f6525a177
4306208	2026-08-24T19:27:54+00:00	blocks/2aa8f0388ac13518e2541fc698f464eb
4668021	2026-08-24T19:26:21+00:00	blocks/2ad9215305876a5a6975f4e8d4b3ebb5
4313282	2026-08-24T19:26:09+00:00	blocks/2af80d19dd140e5ede36bd1f8a19dab3
4247677	2026-08-24T19:28:00+00:00	blocks/2b1fcf7b5a23af3121baacc025b14f6b
4272323	2026-08-24T19:27:28+00:00	blocks/2b2aad495d5a20d0b15ca41a20a81650
4245095	2026-08-24T19:28:53+00:00	blocks/2b5ba9efd30a79964955308d384ed974
4327261	2026-08-24T19:27:29+00:00	blocks/2b7b026748a1ef81a83353e47f10a372
4212013	2026-08-24T19:28:30+00:00	blocks/2b95a518a62138d3f24ed74dcbc9722e
4211640	2026-08-24T19:28:48+00:00	blocks/2be1b37e000274e1df9f506e3b58141b
4288788	2026-08-24T19:26:35+00:00	blocks/2becf21ed1c80cebc0ac01d60717a201
4279198	2026-08-24T19:25:59+00:00	blocks/2c3780a88abb199511819bebf2e196ab
4440327	2026-08-24T19:26:43+00:00	blocks/2c437b5ef9631366b2cef5d02c5e3fbf
4426577	2026-08-24T19:25:59+00:00	blocks/2c4b45b4a0f5cb023ef640959220d866
4494471	2026-08-24T19:25:51+00:00	blocks/2c51162dcf8a3186a4f1ac010bdb69ef
4982264	2026-08-24T19:26:20+00:00	blocks/2cf953f4eca5ee52c6924d024e9aa447
4274694	2026-08-24T19:25:59+00:00	blocks/2d11c18f10322b107e92b0d47298ed74
4582998	2026-08-24T19:27:52+00:00	blocks/2da2d8a3042b1cad5ad7f41cbdd55b83
4405505	2026-08-24T19:26:33+00:00	blocks/2db90dec9227af04378115ac26a5a863
4319398	2026-08-24T19:25:46+00:00	blocks/2dba4aadf3d91a7ddc047b3d04483757
4222443	2026-08-24T19:28:49+00:00	blocks/2e0f60c740ace7e5b2dcfec09c242f02
4312656	2026-08-24T19:26:08+00:00	blocks/2e3f61a404be015a47469a68865e498c
4256386	2026-08-24T19:25:57+00:00	blocks/2e893be2fe8c7266d8f25caf96737a33
4271902	2026-08-24T19:27:12+00:00	blocks/2eced8803117e1151ced615297a65789
4357827	2026-08-24T19:26:33+00:00	blocks/2f7676556aa73f1a6af1ddda437a6c0d
4407425	2026-08-24T19:25:58+00:00	blocks/2fa67589915a9192f35b0ebe136cab3e
4382339	2026-08-24T19:26:08+00:00	blocks/2feff49973403247b1bdf427e5ae233e
4209612	2026-08-24T19:28:03+00:00	blocks/303916bb46e47c6335b6e627bd23f59b
4219500	2026-08-24T19:28:45+00:00	blocks/3042370c4433ac603059c68dfa450833
4262701	2026-08-24T19:26:19+00:00	blocks/30e4f1a18b47adb078d5a7bc02c008e1
4291582	2026-08-24T19:26:35+00:00	blocks/30f55ed222f9d67a64fbfa40834e6f2b
4261460	2026-08-24T19:26:07+00:00	blocks/31362e2390e55c3740b4d460238b60e7
4282520	2026-08-24T19:25:49+00:00	blocks/3149fdbca5c673bf1372c190754aa6b8
4439905	2026-08-24T19:26:54+00:00	blocks/317ab14c6d3dae2e81caba64b1b3c854
4307285	2026-08-24T19:26:03+00:00	blocks/319e1803b283b09cce5e95a6a0ec89e4
4330694	2026-08-24T19:27:24+00:00	blocks/319fd33a5a66c913d3fe6b9c396f7ba0
4211914	2026-08-24T19:28:22+00:00	blocks/31e6fcc99ca26210bfeb2c436fe6c4be
4341514	2026-08-24T19:26:14+00:00	blocks/320de8b9348d2ca684854ceeadf80b2c
4234660	2026-08-24T19:28:04+00:00	blocks/3249773a4533c5f6801d8b027b7bd54f
4303876	2026-08-24T19:25:59+00:00	blocks/3269aeb7799c601a5b7715636475b1c7
4248023	2026-08-24T19:26:20+00:00	blocks/328e1b572d1e31afb2df540d8264d6ce
4306241	2026-08-24T19:26:45+00:00	blocks/32949e8a791dd6e8961daacce19d32f5
4236360	2026-08-24T19:26:27+00:00	blocks/32c1a8f900283f7bebc2bb4364ad1d62
4275520	2026-08-24T19:27:54+00:00	blocks/32cb24f77c39ec3964b46836cb1fc1f3
4359606	2026-08-24T19:27:05+00:00	blocks/3331c74eaf9b903c693b4e7c486f308d
4306368	2026-08-24T19:27:28+00:00	blocks/3332477fa7f9ab03d44a32e6d6674166
4215266	2026-08-24T19:29:07+00:00	blocks/33900b5e289bcce50afbc635c94aa6eb
4396969	2026-08-24T19:26:24+00:00	blocks/33c18ceeef05b1c4d432093690d0f0c8
4219672	2026-08-24T19:28:48+00:00	blocks/33fe91c3b40297dd9abec7759d238594
4215236	2026-08-24T19:28:36+00:00	blocks/340fa5bc1c8e106096d0d5937dbc7371
4476846	2026-08-24T19:26:14+00:00	blocks/34e0663f21fc121303918073e374ca12
4221630	2026-08-24T19:28:26+00:00	blocks/34fc8e5c51c5173b4bf3d642327a2b87
4356822	2026-08-24T19:26:49+00:00	blocks/35000f782ef3a379e906cf7a7fae69a4
4404006	2026-08-24T19:26:21+00:00	blocks/352576be0150eb73ad36b4934b63c4b8
4323085	2026-08-24T19:27:50+00:00	blocks/3593c44d08ab6bd47e737705a153ccf5
4212014	2026-08-24T19:29:03+00:00	blocks/35b40dbb879db73086eaba3937bcd62a
4285598	2026-08-24T19:25:50+00:00	blocks/35bb6f4fbd9dd22960e71ab4ea6391f4
4326122	2026-08-24T19:26:13+00:00	blocks/35c4f7f86bd71c9338e8a6260d369912
4394492	2026-08-24T19:26:52+00:00	blocks/36095955bd2f406ffb168f363e3640a8
4215541	2026-08-24T19:28:24+00:00	blocks/365b70e830154c6de717de4a395db461
4214834	2026-08-24T19:28:42+00:00	blocks/36d8716f32edae83588aea0527dc78a6
4340375	2026-08-24T19:25:53+00:00	blocks/36dfaf3a4d18c10f229638b18cc16414
4378886	2026-08-24T19:25:51+00:00	blocks/36e8ed4c0f78f9c4b24b4bcf3a148546
4368820	2026-08-24T19:27:05+00:00	blocks/3715a01aff8174036a50f7635df9f40b
4397300	2026-08-24T19:27:11+00:00	blocks/37541844904b8d96d490e0983e6db2c9
4412524	2026-08-24T19:25:51+00:00	blocks/377b7edc8d16f042c8e2c0d699951db1
4215502	2026-08-24T19:28:12+00:00	blocks/378f9af8db1c5eff9c3455506673556c
4242553	2026-08-24T19:26:00+00:00	blocks/3794704f345dbc0ff5ef745e8dc0dec8
4392277	2026-08-24T19:27:02+00:00	blocks/37a71cee472fdda0d2864b57765ce298
4287736	2026-08-24T19:25:57+00:00	blocks/37bcff1f66457aefcda585fbe622e714
4286127	2026-08-24T19:27:12+00:00	blocks/37c2d15cbe10f906d8e11b6941f74c90
4305046	2026-08-24T19:26:13+00:00	blocks/37e3648e1c747e9787a818a4c672e034
4211544	2026-08-24T19:28:37+00:00	blocks/3826472d3499b55a14efa341b261ffb2
4211215	2026-08-24T19:28:45+00:00	blocks/38322cac79cb3481f916d194ab02536a
4403564	2026-08-24T19:27:21+00:00	blocks/385162f0115b842f5074adec9fd4f658
4287291	2026-08-24T19:27:24+00:00	blocks/38ab61165b3bdb72da9c5e71917ace79
4250464	2026-08-24T19:25:50+00:00	blocks/38f049fca65a9dd30d308dd768579137
4238806	2026-08-24T19:27:12+00:00	blocks/392717ec40f877659d96f1044a4ebe19
4258002	2026-08-24T19:26:01+00:00	blocks/3999649f40d5e351e5e401e33b7b46d4
4357744	2026-08-24T19:26:52+00:00	blocks/3a0c810d511a1d9795535dfb0478f44b
4319178	2026-08-24T19:26:44+00:00	blocks/3a0f4a19ebcc727243d531cc5bb2a0ac
4294711	2026-08-24T19:27:27+00:00	blocks/3a227aeabf77f281313f7d8acb8fe363
4309054	2026-08-24T19:25:56+00:00	blocks/3a3b27ee4131e9746df74dfeda4ae7df
4285895	2026-08-24T19:27:27+00:00	blocks/3a70a90acc72594f22c4c36b384f6ebe
4211036	2026-08-24T19:28:48+00:00	blocks/3a775af841028a12cd707b4d11f44163
4379942	2026-08-24T19:27:02+00:00	blocks/3aa662afbc3029d58a77919e83a26bb9
4279747	2026-08-24T19:26:22+00:00	blocks/3ad671da726b857d49e4132ea410ea05
4353574	2026-08-24T19:27:21+00:00	blocks/3ad93b0443a3a02b83f5c92f83e96d47
4311900	2026-08-24T19:27:00+00:00	blocks/3b1acc1e50028ef90f016c8548232da9
4308052	2026-08-24T19:26:02+00:00	blocks/3b1b05435541f3d22f26548fd76bb7ef
4215440	2026-08-24T19:28:09+00:00	blocks/3b1c3528ec11722ff6e91c615feb58e7
4258012	2026-08-24T19:27:57+00:00	blocks/3b5c7c8d933bcc0a670c324f4f277ea3
4550041	2026-08-24T19:26:13+00:00	blocks/3bef8fdf954719334af1516c3981d0b6
4357105	2026-08-24T19:26:22+00:00	blocks/3c270a4f7d1e4649c88bbb5d66202ca1
4333659	2026-08-24T19:27:10+00:00	blocks/3c30c5e7fbc11df4a3bc2d8fec9403d9
4272539	2026-08-24T19:25:47+00:00	blocks/3c73b2c20a8b0c1141b08a3ab93e677a
4332537	2026-08-24T19:25:55+00:00	blocks/3c8800a1ea0188b9f727eaf9c65c3778
4247284	2026-08-24T19:25:53+00:00	blocks/3c9f6ce7363e4f510acf98034f60b6a8
4214652	2026-08-24T19:28:11+00:00	blocks/3d71156dbec6b530e669ccac05609147
4211007	2026-08-24T19:28:36+00:00	blocks/3d9b10084e4a812e5a88cb0bc52b8033
4373120	2026-08-24T19:27:12+00:00	blocks/3da0fd02d394cc0dc44acd22adeb8f76
4712529	2026-08-24T19:25:54+00:00	blocks/3e0ac7b03349b085c099b9f0aa9263bb
4258924	2026-08-24T19:26:22+00:00	blocks/3e588aed856cf8c6fa0f474b984043e9
4352573	2026-08-24T19:26:52+00:00	blocks/3e663392518504d2c1caa212211923cf
4365958	2026-08-24T19:27:11+00:00	blocks/3e771190b598bda2e8c6c97ee5c1d645
4294830	2026-08-24T19:27:04+00:00	blocks/3e9af272ca472a615776234219132009
4305807	2026-08-24T19:27:57+00:00	blocks/3ef115900d64b44d93abb07f32b1e516
4294154	2026-08-24T19:26:20+00:00	blocks/3f225db4efb3fa7ea3476984cd081b1f
4358839	2026-08-24T19:26:31+00:00	blocks/3f63132d8450667ec49b59864394e907
4210229	2026-08-24T19:28:10+00:00	blocks/3f7395ce4a8b33dd24693f2a216cb070
4282576	2026-08-24T19:26:55+00:00	blocks/3f9033624b4ef5e46e38791e9d1e2e3d
4284928	2026-08-24T19:26:24+00:00	blocks/3fc20315d9d8c13afc2e4ad379c7fff6
4265042	2026-08-24T19:26:28+00:00	blocks/3fd8203ba71fdeb6c505fc74288cd0c0
4219605	2026-08-24T19:28:27+00:00	blocks/3fe073cd955dc68c44a2bfc22c7f36cc
4223469	2026-08-24T19:29:13+00:00	blocks/4016b9710e37564f4760c8ac59f4f919
4215302	2026-08-24T19:28:04+00:00	blocks/4021d61fdff7900f5df8ef57a1ce82d8
4207440	2026-08-24T19:26:20+00:00	blocks/40c1c73af3353e1714e6ee3ec076515e
4423985	2026-08-24T19:25:52+00:00	blocks/40c56420f5f04c045531892824be424e
4281187	2026-08-24T19:25:51+00:00	blocks/40c9f6763f65306ced8565212fc6a78a
4215372	2026-08-24T19:28:43+00:00	blocks/40e9005f5e3f6dfd39b4b241bfd1ad50
4243497	2026-08-24T19:26:52+00:00	blocks/40ee3fc41296d632422975a130049877
4281185	2026-08-24T19:26:03+00:00	blocks/410cee56241732ffe3e6753f45a861b4
4273786	2026-08-24T19:26:54+00:00	blocks/41254bc58a4348971e12c5caa2bd2d05
4210620	2026-08-24T19:27:43+00:00	blocks/416f29b4279b83a7b2b89581f3014ba3
4290390	2026-08-24T19:27:07+00:00	blocks/418ed90f52c33f71e7201d97ee58fb29
4213033	2026-08-24T19:27:47+00:00	blocks/41c0090b575d22a975b31eaec3522be8
4211141	2026-08-24T19:28:27+00:00	blocks/41cae9e5b385e1c3a8ee7cb24ae92b66
4443175	2026-08-24T19:26:01+00:00	blocks/422bb83fae823ca385545110e4d9a86b
4305478	2026-08-24T19:27:52+00:00	blocks/42cfc383606f7e09e3216d93406b05b4
4210743	2026-08-24T19:28:10+00:00	blocks/4320d7d80de125dbe981e5f4e2dece90
4242990	2026-08-24T19:28:11+00:00	blocks/436c45cfd17224b8a897649baccdcc1f
4377293	2026-08-24T19:26:17+00:00	blocks/438e4b94e0babd58208f2dd3f5f1e728
4273304	2026-08-24T19:25:58+00:00	blocks/43ed20f30bb38ac2d0747ca12a153c1a
4247906	2026-08-24T19:26:36+00:00	blocks/43ffd9a6765c945b294def491cdbe7dc
4359664	2026-08-24T19:27:12+00:00	blocks/440d5dde5acf81edb5e84e0e20cb7374
4355311	2026-08-24T19:25:50+00:00	blocks/447362da4a3dc28c86c43250d0b99127
4210239	2026-08-24T19:28:53+00:00	blocks/44b1752d2ef740c1a951c3fa85ae11b7
4533128	2026-08-24T19:25:49+00:00	blocks/44bad0c53d77a24c89b8e6ea8f388cf9
4337743	2026-08-24T19:26:49+00:00	blocks/44f34a7eacaab274722243b852914551
4303007	2026-08-24T19:27:50+00:00	blocks/45063b75fd4fdf9b662d214bfc685e89
4336127	2026-08-24T19:27:52+00:00	blocks/4552a908e6ec0af3cab7514f597df363
4250180	2026-08-24T19:25:50+00:00	blocks/45c2542859e19e954b25e9f77e128d55
5381879	2026-08-24T19:25:53+00:00	blocks/45d1d453f194610022133506282be681
4215262	2026-08-24T19:28:32+00:00	blocks/463a7aa63be4fc394c58709c5e709120
4447288	2026-08-24T19:27:10+00:00	blocks/46861160f45466d93fbc6f325ab45296
4210903	2026-08-24T19:28:51+00:00	blocks/4709fd2d436b3153ab2d3440fa1e7331
4212146	2026-08-24T19:28:22+00:00	blocks/472efc030b63df89cff4492f1ba8d6bc
4296876	2026-08-24T19:27:12+00:00	blocks/47361854b71d9fea330e6571f8487fa9
4220113	2026-08-24T19:29:05+00:00	blocks/4750577fce717d3a33ae7c168cac1937
4386581	2026-08-24T19:26:30+00:00	blocks/477b9ffa113af2521335921fc43b7429
4328486	2026-08-24T19:28:02+00:00	blocks/47e95c7e28f1d78915a688b5fd245b17
4306245	2026-08-24T19:26:08+00:00	blocks/47ec081587d996a6c0b215049572b25c
4251302	2026-08-24T19:27:50+00:00	blocks/48099563daea29f499e121e7109bfaf2
4261405	2026-08-24T19:26:20+00:00	blocks/48443b289b4c954b011344d3968e50a2
4211414	2026-08-24T19:29:00+00:00	blocks/48657487debad63345b879fd4d325569
4302177	2026-08-24T19:26:52+00:00	blocks/48a5410c787638db52d6254e8efa1254
4355238	2026-08-24T19:26:49+00:00	blocks/48d92d9d125adff7070e6c0f2fb6414e
4309213	2026-08-24T19:27:25+00:00	blocks/4949d39ea40922c8ffa3d6da4e0682da
4258410	2026-08-24T19:26:42+00:00	blocks/499d767ec8d4c90e0a095758f9487d54
4269564	2026-08-24T19:26:03+00:00	blocks/49c8462b76fb748acd5d4536bd6f5598
4277898	2026-08-24T19:25:49+00:00	blocks/49fa201925a595e3db9b23fd15bc0637
4317805	2026-08-24T19:27:22+00:00	blocks/4a607217c7dc776d1c034ad15a5a1c2a
4323245	2026-08-24T19:25:49+00:00	blocks/4aca87fb4b3b21eb284f0a17eb092654
2745597	2026-08-24T19:28:02+00:00	blocks/4b13d237091fd172b4c2e72d81dd1700
4293539	2026-08-24T19:26:35+00:00	blocks/4b33a1baf450e948a1c00a111fa01efb
4292199	2026-08-24T19:27:52+00:00	blocks/4b370f9731fe13b0c0afa5229600ae84
4246229	2026-08-24T19:27:22+00:00	blocks/4b5f65e435fe926dc61fb33db4663af8
4258615	2026-08-24T19:27:57+00:00	blocks/4b66b835ecd632781359314dc8f234c9
4389528	2026-08-24T19:27:24+00:00	blocks/4b8025880f6afa2b6991c5595009fadc
4243011	2026-08-24T19:27:11+00:00	blocks/4bb202f64b32cf80f822fcef6ac66771
5115436	2026-08-24T19:26:17+00:00	blocks/4bb812d43c8a04f4e325c974a6feee8c
4472680	2026-08-24T19:26:03+00:00	blocks/4bc4cdd3524f84d85988db6e30ce65f5
4318042	2026-08-24T19:27:53+00:00	blocks/4bfab9437fc047c04e8e2d1c37b9706e
4430083	2026-08-24T19:26:01+00:00	blocks/4c05719af76433d32f9fac63c7c6c57f
4261722	2026-08-24T19:27:24+00:00	blocks/4c57eb11028b56c6d3a1ce3d9c4f8ba8
4335195	2026-08-24T19:26:23+00:00	blocks/4d15c91e488ead29ca76f6fa543fcb4c
4302294	2026-08-24T19:27:30+00:00	blocks/4d2247f8bf6b904499f71abb798bf7c4
4222351	2026-08-24T19:28:19+00:00	blocks/4d2b83461421b5940cc05846a1f2e50a
4283644	2026-08-24T19:26:52+00:00	blocks/4d2d4d24e9099ff0a1a13f7d731aca7e
4211210	2026-08-24T19:28:34+00:00	blocks/4dabd0ed0ce11170d95788dbe9a8e2ea
4268469	2026-08-24T19:26:30+00:00	blocks/4dbe856e9ece9280e969042cbf09ca1b
4257772	2026-08-24T19:26:52+00:00	blocks/4e01c461bd1c5e381484aa3e3982f528
4266034	2026-08-24T19:26:22+00:00	blocks/4e1da4ad51e496867e370a3abecbb723
4210877	2026-08-24T19:28:37+00:00	blocks/4e77966d721d01adec2de8979fd205ec
4304024	2026-08-24T19:26:10+00:00	blocks/4ea9480ff083241adc9f4118c13a32a2
4366849	2026-08-24T19:27:28+00:00	blocks/4ec5e6da64fd0d7dbf0f1353009d1cb9
4313169	2026-08-24T19:26:23+00:00	blocks/4edd0c042e95d250702789a4be814420
4223402	2026-08-24T19:28:41+00:00	blocks/4f11999592c5abe8659638b61645e3d9
4309606	2026-08-24T19:27:54+00:00	blocks/4f622d8ca8c40e60047d3dfe017dfd96
4345192	2026-08-24T19:27:27+00:00	blocks/4fc6930aecaf586d76eaa2d7567d3e4b
4351188	2026-08-24T19:25:49+00:00	blocks/4fc816329a54b0521a3f9470885fb54d
4633203	2026-08-24T19:27:10+00:00	blocks/4fe19c32f47e91724ecda1eacc5ae090
4428027	2026-08-24T19:26:27+00:00	blocks/4ff3994d67a9302e7cd0885c8e57ca69
4279793	2026-08-24T19:27:24+00:00	blocks/5078da79e6be60f3adf6cfd774e72e3d
4215350	2026-08-24T19:26:58+00:00	blocks/508bfdae04ec2261fcf9362432db02f5
1048649	2026-08-24T19:26:18+00:00	blocks/50b3a38f8beaaa75b7f8d4e07f321ee7
4266402	2026-08-24T19:26:31+00:00	blocks/50c58963536712a0f7d45172efed7b5f
4214662	2026-08-24T19:27:44+00:00	blocks/5108a6bd07bf7da4fc76549ebdc07524
4322936	2026-08-24T19:26:27+00:00	blocks/512cb596cb3b158748bddd1498b8a133
4282407	2026-08-24T19:27:24+00:00	blocks/5152a71af1f8cede842341b09781bb65
4227249	2026-08-24T19:28:31+00:00	blocks/5242c650ccb520a861853f5aa014a012
4465348	2026-08-24T19:26:47+00:00	blocks/524d9ad916b1d7bd043f34fbcaf23bbb
4279150	2026-08-24T19:26:25+00:00	blocks/526ed90d4706a9e25290cf8278f9872d
4290075	2026-08-24T19:25:47+00:00	blocks/5299422018ed8c753a2438af35c6027b
4339342	2026-08-24T19:26:02+00:00	blocks/52a42a6f84e12ed80214e1fbd617a1db
4314684	2026-08-24T19:26:13+00:00	blocks/52ae44ba0a018723c4694a5e18a10073
4210940	2026-08-24T19:28:26+00:00	blocks/52b5993e484ef46d8c37eb85da02e99c
4253277	2026-08-24T19:27:50+00:00	blocks/52b81334778aa23b42694c673aaac91d
4350205	2026-08-24T19:25:51+00:00	blocks/52d14ade82290a6ac8c8c7ebd37e06a3
4292224	2026-08-24T19:26:50+00:00	blocks/52f271e84ac7bc66e7583b7b162b5bcb
4428186	2026-08-24T19:26:17+00:00	blocks/52f54ad5acae7b6285ef07c983e1ed40
4274761	2026-08-24T19:25:54+00:00	blocks/52f89d7f0c082eb369fc2cbe34f8d350
4223359	2026-08-24T19:27:43+00:00	blocks/53380341a0a72ffdc5ab3aa60a0ca8f9
4306465	2026-08-24T19:26:09+00:00	blocks/5418f19f4350922c4ea2db2c89eb8178
814085	2026-08-24T19:29:15+00:00	blocks/54b6a6194a6a120d979ab3a42ba11116
4365122	2026-08-24T19:27:13+00:00	blocks/54d6f34746ec3710f5be4d3b8f42aeb4
4219872	2026-08-24T19:29:01+00:00	blocks/558f20f6a36f438f7a5fe01a163f2967
4405119	2026-08-24T19:26:23+00:00	blocks/55e3610e275b63f7f64e9ff0c505cf96
4310829	2026-08-24T19:27:22+00:00	blocks/561156d9051853b8ab680a595c4d098e
4406298	2026-08-24T19:25:54+00:00	blocks/5664913bc4705aa331d69090d3c92393
4265544	2026-08-24T19:27:52+00:00	blocks/5665c8b5ac4958edc3ce1fd5457ee85a
4215437	2026-08-24T19:27:58+00:00	blocks/56a78a349b13eb069ba5be8f8653ab52
4348408	2026-08-24T19:27:54+00:00	blocks/56c0aee811de158b8cf8d8670dd376cd
4376951	2026-08-24T19:26:41+00:00	blocks/571ecb7e92d8ecc6fa9ad5261de8b779
4336431	2026-08-24T19:27:26+00:00	blocks/57493945f19139709ecbe16bbb0b7ee3
4332952	2026-08-24T19:27:57+00:00	blocks/576470dc895fcfae9c765f7c981bcaa5
4243437	2026-08-24T19:27:27+00:00	blocks/5770bf656c781aa25fb4b55809e9008c
4219774	2026-08-24T19:29:05+00:00	blocks/5797ba44ace1b66b114f061c426e032d
4360637	2026-08-24T19:26:27+00:00	blocks/57982f1fe58a266f65a66fc5575baba9
4224180	2026-08-24T19:28:45+00:00	blocks/579cb34a6d55a5c5a6313d93af8b5cbd
4361513	2026-08-24T19:26:42+00:00	blocks/57ab1fdc7f6af839839d23020a2bdd27
4235074	2026-08-24T19:26:20+00:00	blocks/57cb9811ba6c966b981510831f3ca0bc
4212225	2026-08-24T19:28:10+00:00	blocks/57e0da52107ca44e8c207d9106ed8249
4210560	2026-08-24T19:28:12+00:00	blocks/57e5ac787fc8edf8504940b01f75501f
4294914	2026-08-24T19:27:07+00:00	blocks/5817c612d881628dbb6a3ca2930cf5bc
4213981	2026-08-24T19:28:26+00:00	blocks/581b6d2bbbb079790b12b88fb89a5e40
4324651	2026-08-24T19:25:46+00:00	blocks/582a1602463ef9153dd6aea3bbb2f1a9
4252586	2026-08-24T19:25:46+00:00	blocks/583e11d4600e5a09edf15467e6ecbc6b
4259888	2026-08-24T19:27:57+00:00	blocks/5882114347219d4cbae3ea7d6b798f87
4274978	2026-08-24T19:25:51+00:00	blocks/5893a1c67501f892b28b9cb7b6a94436
4296177	2026-08-24T19:26:50+00:00	blocks/58a5912e95c378a2b66cfc40b0751a62
4475153	2026-08-24T19:27:13+00:00	blocks/58df05c991713adf3ff3eb087c3a9426
4291284	2026-08-24T19:26:33+00:00	blocks/591b126e5b91d522dd2146d3d28e5913
4295462	2026-08-24T19:26:47+00:00	blocks/59305803da572f3600dd3a0a1cae78c7
4356479	2026-08-24T19:26:21+00:00	blocks/59768cfa59ea7724540d0644d8d29fbb
4210979	2026-08-24T19:28:31+00:00	blocks/5984a036c580013a7c59507b952fd767
4210936	2026-08-24T19:28:37+00:00	blocks/59871e56da76beac56436e379cd80613
4259180	2026-08-24T19:26:47+00:00	blocks/598c4c988f10d390ee91145cd96df6ca
4373033	2026-08-24T19:27:28+00:00	blocks/599e39502257081342e8eadd0b9203d5
4212120	2026-08-24T19:28:05+00:00	blocks/59ab87165efe3e96567c6c958f7740c0
4227828	2026-08-24T19:27:54+00:00	blocks/59bc55c91bba4f12221ca2bfd5598129
4243803	2026-08-24T19:28:19+00:00	blocks/59e7293d47a9e69a5da8af2c98fd942d
4214496	2026-08-24T19:28:45+00:00	blocks/59f4d56e00f91d22f2a4d70e96478a56
4202852	2026-08-24T19:25:54+00:00	blocks/5a1e49a8a8ec6e9651b0f2735fda09a0
4352882	2026-08-24T19:26:02+00:00	blocks/5a35d322af20abe3113046dddaffe686
4405439	2026-08-24T19:26:21+00:00	blocks/5a7adbe8b4ad0a026cb45880e767a3e1
4358016	2026-08-24T19:26:53+00:00	blocks/5aa4c660395b256f753be0aaf1f6f326
4396028	2026-08-24T19:26:27+00:00	blocks/5ab93b4778e59e89aaf0b63f86c2ea01
1146819	2026-08-24T19:27:14+00:00	blocks/5ab9712bffbc7d52d467b0ff8eed28bc
4213848	2026-08-24T19:28:33+00:00	blocks/5ae8e3bc8308f9f13d1851a112a6adce
4253290	2026-08-24T19:26:52+00:00	blocks/5b1f8e3b1483a57ff7bdd1bf155b9a1e
4218928	2026-08-24T19:27:58+00:00	blocks/5b657d6906868de9fa08bab989614c40
4214484	2026-08-24T19:28:51+00:00	blocks/5b8e0fd62d224ca468824db3032f0064
4324904	2026-08-24T19:27:24+00:00	blocks/5bfd024905bad19004063b00ade5ebbe
4236776	2026-08-24T19:27:07+00:00	blocks/5c50334a6ccf5986bd79a5c45b34490e
4295915	2026-08-24T19:27:13+00:00	blocks/5c9875050f44e8233b8a8e3e9dabbe74
4351400	2026-08-24T19:25:59+00:00	blocks/5c9b8591d1c282f18f7ca35bb86e948b
4300611	2026-08-24T19:26:07+00:00	blocks/5cdc61193504aafd99281cba29282b61
4329335	2026-08-24T19:26:44+00:00	blocks/5d295663f59f499436976bbaf4f4bd12
4210459	2026-08-24T19:28:17+00:00	blocks/5d4b841aa246a5ce3d3c70569e9f073d
4227378	2026-08-24T19:28:54+00:00	blocks/5da2f449838bca359fe92d54380bec4d
4342227	2026-08-24T19:26:25+00:00	blocks/5da7474ed11784c85ab6d118f4dac89d
4276525	2026-08-24T19:27:56+00:00	blocks/5da8998d8d76cea467643141b08f2114
4220314	2026-08-24T19:28:00+00:00	blocks/5db6caf3efcd500a0277edff72a638b0
4426561	2026-08-24T19:26:26+00:00	blocks/5dd72a665a43d76638f257b43ce71165
4366523	2026-08-24T19:27:24+00:00	blocks/5e0da76641c1ac08fb28fcfb6964de68
4531489	2026-08-24T19:26:10+00:00	blocks/5e36e41225148df495f57709d2b7cd82
4348431	2026-08-24T19:26:13+00:00	blocks/5e47aa1652b0c1d7da7e243766c019be
4262386	2026-08-24T19:25:46+00:00	blocks/5e805e8ad45b9269a9904fa93b8b61bb
4211208	2026-08-24T19:28:22+00:00	blocks/5ec6188e05ff602e2561244bd6d117cd
4254087	2026-08-24T19:25:57+00:00	blocks/5f0977ba0a992b28ba9245c878bf553f
4214763	2026-08-24T19:28:35+00:00	blocks/5f1058b99e9658ed2121c880b6dfc252
4361912	2026-08-24T19:26:30+00:00	blocks/5f45443db86c95878b3cd91d9322f7f6
4211171	2026-08-24T19:28:27+00:00	blocks/5f5939eaf4b0e11cd1307ad7af90cfbf
4286274	2026-08-24T19:26:03+00:00	blocks/5f7b2a28f6b426f25f2433e93766403f
4551436	2026-08-24T19:26:25+00:00	blocks/5fba00f27a54bcd9144ed57f594f6e75
4194482	2026-08-24T19:26:20+00:00	blocks/5fd8914ada6ffcb9cdeb22e84fcc9ee9
4211143	2026-08-24T19:28:22+00:00	blocks/5ff59e3df33b6f1fb3c5098cbf057fd1
4210329	2026-08-24T19:28:14+00:00	blocks/605f1e35cce450ab44c65335e350901b
4314165	2026-08-24T19:25:49+00:00	blocks/60959baa46a730a6df93c0e855fbb06e
4340112	2026-08-24T19:26:42+00:00	blocks/60a90f740571b4cf07dffb38d65b16af
4450418	2026-08-24T19:27:53+00:00	blocks/60e0d4f236aad188d9ebe62aeed4cf45
4214424	2026-08-24T19:28:27+00:00	blocks/60e94e65245d4303bfd196f825e733db
4321420	2026-08-24T19:26:44+00:00	blocks/611c8f5b496f3121bbf2ce58999876db
4215767	2026-08-24T19:29:09+00:00	blocks/614f555acaf9544fe03e723c8a65ac23
4223672	2026-08-24T19:28:56+00:00	blocks/6179f5422820ab369f580afce0f519d5
4211649	2026-08-24T19:27:48+00:00	blocks/61841debf95e73d120ca120924ce2818
4211948	2026-08-24T19:28:23+00:00	blocks/6191eb6185942c2480e04baff50052b6
4338771	2026-08-24T19:27:24+00:00	blocks/61ec5114442bd5a5b5951bcea47d7105
4259968	2026-08-24T19:26:35+00:00	blocks/6217890157f6623f9178e19ccb602846
4335687	2026-08-24T19:25:46+00:00	blocks/628a32962eb7f08a4d7f45da661e6b99
4214494	2026-08-24T19:28:04+00:00	blocks/629393bc0710314739ddb43840dd067d
4211067	2026-08-24T19:29:06+00:00	blocks/62ebe9979829377ed0e51a084b26e318
4194482	2026-08-24T19:26:18+00:00	blocks/62ee9cc5714dd4e6557450bd6062110e
4219841	2026-08-24T19:28:04+00:00	blocks/62f9c5639f7b000b3dd8d72e51759807
4381317	2026-08-24T19:26:25+00:00	blocks/632fc66b997907d4d0b862e72fcb2fa1
5243093	2026-08-24T19:26:21+00:00	blocks/63a5663065e55e2b1969131053605b1d
4285911	2026-08-24T19:26:28+00:00	blocks/63c6c11829638a3752da211a76e9e864
4305496	2026-08-24T19:26:23+00:00	blocks/641150438b772f18e74a184b84578e77
4303303	2026-08-24T19:26:27+00:00	blocks/6447d5e08552268db701f41c5aded0ac
4211040	2026-08-24T19:29:04+00:00	blocks/6459a84ba47298b5d9b3907db8808e66
4313641	2026-08-24T19:26:00+00:00	blocks/6488e310d40b3c2156045aff36bdf3d7
4351280	2026-08-24T19:26:35+00:00	blocks/6491c49c7bc0006711248c47041816c0
5203741	2026-08-24T19:26:00+00:00	blocks/64e2b7760b5ec76216e89417498e0cfb
4468498	2026-08-24T19:26:25+00:00	blocks/64e6acd942b9baef06f5176c705dfbc2
4250985	2026-08-24T19:26:33+00:00	blocks/65286a7cb3ad7faf495d610c051d87e8
4366121	2026-08-24T19:25:57+00:00	blocks/654a3162ce102ff8474964d6440b135a
4336011	2026-08-24T19:27:54+00:00	blocks/654a6fd273f41d6a49699f56b5af10dc
4211741	2026-08-24T19:28:07+00:00	blocks/654c653ee59bed629afb0e124cd11dbd
4338245	2026-08-24T19:25:50+00:00	blocks/65a98407fdbe06a3a056670b96ea4864
4219124	2026-08-24T19:28:30+00:00	blocks/65af4c138c16e89f75acad76810d341c
4339782	2026-08-24T19:27:50+00:00	blocks/663cc63eb32209b7393171f25bd1b477
4291919	2026-08-24T19:25:58+00:00	blocks/6687a244c41bab2d3374d3859798d8b9
4304880	2026-08-24T19:26:36+00:00	blocks/66d6485b69e1d9572749c9e5462c95bd
4288384	2026-08-24T19:26:48+00:00	blocks/66d8b6e312eb1423fbf1e60b2025de5b
4211840	2026-08-24T19:28:37+00:00	blocks/66dad9cc33955ade57a27eb0682edee9
4275885	2026-08-24T19:27:12+00:00	blocks/66f6a9703a01ba20441765580edb7f24
4312548	2026-08-24T19:25:49+00:00	blocks/671a7152746e08cdc008a4ee04b06586
4464829	2026-08-24T19:27:11+00:00	blocks/672986be9cf4d908ee792c540deded79
4210163	2026-08-24T19:28:16+00:00	blocks/67487dfd9e34131ce7bb45c9c162a805
4322742	2026-08-24T19:27:24+00:00	blocks/675b9adf1363955c4f930ff854caf4d8
4330589	2026-08-24T19:27:29+00:00	blocks/677f8efca389fc6595310c3a792fc7c0
4210100	2026-08-24T19:28:22+00:00	blocks/679321666c2f1735eadec01b68dc3d89
4236854	2026-08-24T19:26:00+00:00	blocks/681a5c805017767a8f6348e1fd3230f1
4251531	2026-08-24T19:26:30+00:00	blocks/681d6080e2dc255031c25a447c727660
4438985	2026-08-24T19:27:11+00:00	blocks/685a9ffc1db30c52cf685f8e71a97947
4347293	2026-08-24T19:26:51+00:00	blocks/685d4379d78191367fda8bfb1b12da43
4211510	2026-08-24T19:28:56+00:00	blocks/6862d54fb86f3868d71dc0122ae32e5e
4212048	2026-08-24T19:28:19+00:00	blocks/689a6f621590b96b046d6db54276a858
4211606	2026-08-24T19:28:56+00:00	blocks/69dd3480b0d19cf4a7816f4eb026d789
4223607	2026-08-24T19:28:48+00:00	blocks/6a0ef449d3b554e58ebe186330f363a9
4194482	2026-08-24T19:26:20+00:00	blocks/6a0f2d5ec630510c505a9be403a2652c
4337005	2026-08-24T19:26:23+00:00	blocks/6a581ca380066761008ed60eec6b5eb3
4223087	2026-08-24T19:28:50+00:00	blocks/6a5e43a4443c2ad65c02f430e6e6db87
4241702	2026-08-24T19:26:21+00:00	blocks/6a6be814e236f49a5867922d29989d2c
4283387	2026-08-24T19:25:57+00:00	blocks/6ae40315b170d7a21bd1cc3cdd5792f8
4356681	2026-08-24T19:27:58+00:00	blocks/6b0144234dcc3111f6eb48563e288137
4211441	2026-08-24T19:28:20+00:00	blocks/6b48419f49bff796717061cfe7e39d8d
4334011	2026-08-24T19:27:25+00:00	blocks/6ba9cbd4950ca4485a1b69f17488f594
4312201	2026-08-24T19:27:11+00:00	blocks/6bc460457353e0b81828b7edce742ea2
4309308	2026-08-24T19:26:27+00:00	blocks/6bc68d903996e2696d6ead85fc7d9f60
4392013	2026-08-24T19:26:05+00:00	blocks/6c0950b4c970ec6ea78b32e7a691610d
4303222	2026-08-24T19:27:13+00:00	blocks/6c5a9b0f7631e0d14a93ee13ef0dbd92
4227316	2026-08-24T19:28:17+00:00	blocks/6ced2b2b0a1b951ece6a780c5965c129
4315529	2026-08-24T19:27:51+00:00	blocks/6cfd4114729e1a852a0e876b84188a8b
4215777	2026-08-24T19:28:04+00:00	blocks/6d064391f03b38bfa21c043dd021b6f5
4211410	2026-08-24T19:28:08+00:00	blocks/6d0998bce081b5a883aba49d7a86c790
4359219	2026-08-24T19:27:24+00:00	blocks/6d14d7b202d46895984d8a9fe92e3163
4312802	2026-08-24T19:26:42+00:00	blocks/6d6ff0d9c819a78d9d7e3076a53f8bd3
4212089	2026-08-24T19:29:06+00:00	blocks/6d8e2e7e78fc40e93bc0e1b9a494d3d3
4409122	2026-08-24T19:26:24+00:00	blocks/6d97b80d451b255692986a0e7ffb16a5
4276468	2026-08-24T19:27:24+00:00	blocks/6dccee5986ce80444ee176dc4501be5a
4228641	2026-08-24T19:28:52+00:00	blocks/6de8b6a50c16782acb79c0438c170872
4210877	2026-08-24T19:28:10+00:00	blocks/6df82e00cb0891df71a01c813da3ada1
4308288	2026-08-24T19:27:21+00:00	blocks/6e3b37e0b05647b4f42297118285c201
4216461	2026-08-24T19:26:20+00:00	blocks/6e5773652092c848f6a763fc7ab5e0fe
4362336	2026-08-24T19:27:05+00:00	blocks/6e9a7bc2c9881c9b53dec7f0c1eeecf1
4391453	2026-08-24T19:26:49+00:00	blocks/6ea835ceec11995141a0b6e4608d2132
4211681	2026-08-24T19:28:24+00:00	blocks/6f2c8051baf18b668b3df09ade391cc3
4299512	2026-08-24T19:25:51+00:00	blocks/6f377cc1dbb76dd1711e755cc70cbc01
4344979	2026-08-24T19:25:50+00:00	blocks/6f78465170572e2bd6c6de7b5e52a80d
4194482	2026-08-24T19:26:20+00:00	blocks/6f7f44e2a6a68c74c36fb58582131b1d
4261328	2026-08-24T19:25:49+00:00	blocks/6f9f4f5b274df76d5b0b6a3d51b887b6
4222488	2026-08-24T19:28:05+00:00	blocks/6ffba312c603835262f2641263c317bd
4444015	2026-08-24T19:27:54+00:00	blocks/702981a1fee8554dd86b4b4c5b63870f
4289892	2026-08-24T19:25:46+00:00	blocks/70953f2580f495c38ce3c2e0ec6f1b65
4210800	2026-08-24T19:28:41+00:00	blocks/70959c16a6beec668f1ce690cd28f74f
4413064	2026-08-24T19:25:59+00:00	blocks/70c1b1cdc442236b523acb740031286b
4211268	2026-08-24T19:27:53+00:00	blocks/7110db993a790e312e240ddc848719e3
4330181	2026-08-24T19:26:23+00:00	blocks/71538e43b0212831f30a8d0e37b6dfc7
4194482	2026-08-24T19:26:20+00:00	blocks/717f04daec5fd889e137f627db55ec24
4240375	2026-08-24T19:26:25+00:00	blocks/71b418cdf049135c01465bcdaef96401
4293961	2026-08-24T19:27:51+00:00	blocks/71b79cda2ef8bbd00b378c2faf08de2b
4339265	2026-08-24T19:25:50+00:00	blocks/71bc90273d47e666f7800a4c294052d1
4268688	2026-08-24T19:27:21+00:00	blocks/71cada0ed1e56adb12c8327de8e2b3ec
4490181	2026-08-24T19:27:24+00:00	blocks/71d31cbac248caf7757e349c767ec2f9
4211547	2026-08-24T19:28:37+00:00	blocks/71d87c4a0f30e6060dd088b2b4c69b47
4310274	2026-08-24T19:26:23+00:00	blocks/722b0a8dcf399994ce2c63e7682f2640
4401615	2026-08-24T19:26:00+00:00	blocks/7249a2f3bab13e95ede3bc0366b2d11b
4212523	2026-08-24T19:28:43+00:00	blocks/728b9d6c4438d2660c5d8cf177e74f5e
4484690	2026-08-24T19:26:23+00:00	blocks/72b14488313aa845af195b822d55c750
4308327	2026-08-24T19:25:46+00:00	blocks/72b2070b4301d44f11f04753d9aaad28
4212150	2026-08-24T19:28:24+00:00	blocks/72b4e7a46a36707953649ea52ee995af
4291413	2026-08-24T19:26:35+00:00	blocks/7334699eb2814976fec2cc7e2767469c
4309608	2026-08-24T19:25:46+00:00	blocks/7358cd3051e8a1deb15b39a40a293c72
4269700	2026-08-24T19:28:02+00:00	blocks/7396318c5239eba8921164672017345f
4248380	2026-08-24T19:29:13+00:00	blocks/73a143b4afe79ce3d10b3b7f2a25ed02
4215879	2026-08-24T19:28:05+00:00	blocks/73ab59f7c4eef2d75a5b6405cce4f733
4219836	2026-08-24T19:28:17+00:00	blocks/73f5510a5c5710acae213c1d85b1112e
4214494	2026-08-24T19:28:25+00:00	blocks/747213fc6aad152f1a0148393c9d1847
4384755	2026-08-24T19:25:50+00:00	blocks/7503666e2089b90c642b3ece33f8cef6
4427138	2026-08-24T19:27:04+00:00	blocks/750cc43f43b9e76ffdac5ce3840e8f1b
4374347	2026-08-24T19:27:06+00:00	blocks/7535ca4df36e85c086ac05583d326621
4259527	2026-08-24T19:26:30+00:00	blocks/7552e1c9bb4aced945b6be99dd392602
4232062	2026-08-24T19:28:37+00:00	blocks/755fdfa87b6027fcdff3644e57f5d450
4391269	2026-08-24T19:25:50+00:00	blocks/756d021814ccf8ef972bc60e482350b5
4315795	2026-08-24T19:26:24+00:00	blocks/75770c2ed8f81b475740aebfbc1c4bf1
4266791	2026-08-24T19:27:11+00:00	blocks/75957ecc3d2a2470c7a35949d61a1f0a
4222707	2026-08-24T19:28:54+00:00	blocks/75973365715c48e2f18286bc5f1006c4
4309916	2026-08-24T19:26:50+00:00	blocks/75a8ffc5a688274e743da927a03f0343
4337572	2026-08-24T19:26:10+00:00	blocks/75c2686b1bc6548f829c990e1e24c6ab
4209348	2026-08-24T19:27:58+00:00	blocks/75e09c90cfc97ab6b6e5e8122dcdf2d9
4349395	2026-08-24T19:26:23+00:00	blocks/75e9d9ebf24d5228c2e2262c6eed8c52
4281802	2026-08-24T19:28:00+00:00	blocks/76321d5977d2cd308d84c40cbf32e239
4380794	2026-08-24T19:26:08+00:00	blocks/763db85f31a8ced5753f708af1429a58
4300034	2026-08-24T19:27:56+00:00	blocks/76d515d51d3e8dfe39a3b3a89e966e56
4224204	2026-08-24T19:27:48+00:00	blocks/776ea8b81e82dcb203e33af060953cdd
4385408	2026-08-24T19:27:14+00:00	blocks/777e9bfc955f2fffd5fc99441b95f9ba
4235177	2026-08-24T19:27:43+00:00	blocks/77d1bfe3fdf5ef5e4b0e94bab385faab
4353789	2026-08-24T19:27:24+00:00	blocks/77ddd886494c9c7a780f6cd90177f20d
4224546	2026-08-24T19:28:14+00:00	blocks/77effd9849861f085fcad60d6f06cf17
4359606	2026-08-24T19:26:47+00:00	blocks/783be60f65e9acf006229414e14dfcf4
4333796	2026-08-24T19:27:13+00:00	blocks/78acfe1c65876b37850a1f22eb660ed0
4316579	2026-08-24T19:26:08+00:00	blocks/7938d7d83d348b071c2901d224f4b36f
4212190	2026-08-24T19:28:20+00:00	blocks/79517da4c2994763b98d940d5a4ce6be
4359664	2026-08-24T19:26:53+00:00	blocks/795b0f9223c076888e3375ecf7758163
4404606	2026-08-24T19:26:51+00:00	blocks/79d8fd49391aa15431d72e52472cecf0
4211646	2026-08-24T19:28:10+00:00	blocks/79da82f72989aea7d5e61c123c42ae26
4211107	2026-08-24T19:28:26+00:00	blocks/79f05697c536f072157e7f833bcdd1a2
4210772	2026-08-24T19:28:26+00:00	blocks/7a741b95a15be2fea734601ea76976a3
4211342	2026-08-24T19:28:22+00:00	blocks/7a97d44fab79aaa47ae33b716b23f4d3
4249887	2026-08-24T19:25:51+00:00	blocks/7ae7fe8ae3951b6313822827456efe3e
4214458	2026-08-24T19:29:15+00:00	blocks/7af23a535675e3bfbcaf7ae7e2878ee2
4284830	2026-08-24T19:27:51+00:00	blocks/7af95349233f36aa04f0712e64d2463b
4364502	2026-08-24T19:26:03+00:00	blocks/7b04f39abadad5d639de066bf35ad951
4245330	2026-08-24T19:27:07+00:00	blocks/7b19c364d128ddb697c55495de47ca1e
4315845	2026-08-24T19:27:51+00:00	blocks/7b436da06e077f114ce828d01595d279
4347205	2026-08-24T19:26:23+00:00	blocks/7b4c677b0bf79171c02d1d5114b427fd
4215174	2026-08-24T19:27:59+00:00	blocks/7b768208eccf8bffc1498888173071f9
4331769	2026-08-24T19:26:14+00:00	blocks/7b9d9e2e570493c0b813a2496e944cf6
4219436	2026-08-24T19:29:05+00:00	blocks/7b9fb0e12c349cceba2fa607a6fc9e93
4299623	2026-08-24T19:27:51+00:00	blocks/7bb69915d94094b7114ff9d669ecd6a9
4215537	2026-08-24T19:28:52+00:00	blocks/7bd92161ee063db62a72bc6600443e03
4302716	2026-08-24T19:26:27+00:00	blocks/7c0264bab91608305f326a5f808418a6
4363415	2026-08-24T19:26:01+00:00	blocks/7c12ca2ae97fc642943178cddf1bccb3
4411702	2026-08-24T19:26:26+00:00	blocks/7c53e4a2043aeef9f26786d47c5ae2b7
4234833	2026-08-24T19:28:03+00:00	blocks/7c60031286be3a2c11e605326a4300a0
4325097	2026-08-24T19:26:26+00:00	blocks/7c908361492538e835dbbd335860b238
4344271	2026-08-24T19:25:57+00:00	blocks/7d8db272620db82504cd97bdee6b2366
4243275	2026-08-24T19:27:29+00:00	blocks/7d9f5b156887b2b880e1af2ccbeb22e2
4424022	2026-08-24T19:26:21+00:00	blocks/7db6181145c10d8f2ee4d0f959c86b9f
4218421	2026-08-24T19:28:24+00:00	blocks/7de9fcd789fd993bb2850a925888364e
4384753	2026-08-24T19:27:02+00:00	blocks/7e297737db0fe7db04537b7de7692913
4214763	2026-08-24T19:29:05+00:00	blocks/7ea7ea358a32775ec20d74f602fe873e
4368080	2026-08-24T19:26:49+00:00	blocks/7eed581559dd5550905489bd34517163
4274637	2026-08-24T19:26:23+00:00	blocks/7eee3cd0f216462a0b2f2984d3388b71
4391990	2026-08-24T19:26:58+00:00	blocks/7f325a46e5ea4e2a800352338b364aa5
4257532	2026-08-24T19:26:27+00:00	blocks/7f99cef63fa7ccd4a11a59cc9adddd9e
4416001	2026-08-24T19:28:02+00:00	blocks/7f9fcdefa9adc5bcda47fe33e1f21dac
4215202	2026-08-24T19:27:58+00:00	blocks/7fb24c9c451cf82c450bd71933df3576
5140530	2026-08-24T19:26:20+00:00	blocks/7fbb221c3b557761cc964c24cd4a60cf
4218484	2026-08-24T19:28:59+00:00	blocks/800270fa6225f92cc7a6caa5ff3ff345
4224336	2026-08-24T19:28:10+00:00	blocks/80445f78060f91f176f4a60fa86f04fe
4263722	2026-08-24T19:26:36+00:00	blocks/806badd84ee95b07a0d0b88487c55b47
4219179	2026-08-24T19:26:49+00:00	blocks/8070ce2fa4fa270b76d1b1ea48d25930
4320429	2026-08-24T19:26:25+00:00	blocks/808f8350b6688348d5c706febcfadb37
4223330	2026-08-24T19:28:26+00:00	blocks/809a77aa3904fab34e33864c8018d7ed
4227560	2026-08-24T19:27:43+00:00	blocks/80a4ecc986f853b1523e167dabff9df9
4210872	2026-08-24T19:28:04+00:00	blocks/80cf95ae011bd3ea279ba929c3778bb8
4729596	2026-08-24T19:27:11+00:00	blocks/811250196c0fe0e347359b13f064a973
4283055	2026-08-24T19:27:50+00:00	blocks/816ca16af4dd4a7738b987a434727f43
4371004	2026-08-24T19:27:50+00:00	blocks/81802e99ba72650d9b25991ebd814751
4280277	2026-08-24T19:27:53+00:00	blocks/81c5c52dab345895b410e07141f1ba78
4336207	2026-08-24T19:27:24+00:00	blocks/81f2fbfcf6dc0a96f8b5a7b2ad487944
4368630	2026-08-24T19:26:36+00:00	blocks/821658415521414b3df6694cea946dc9
4355648	2026-08-24T19:26:00+00:00	blocks/822beb2a942315943701b27051a1a8a5
4391572	2026-08-24T19:27:10+00:00	blocks/8292d55ecb23fb4558aff967052ec01f
4330285	2026-08-24T19:26:36+00:00	blocks/82dbace3f53d50991c94b6cc420dba05
4210295	2026-08-24T19:28:48+00:00	blocks/82f17561be9cdc071fd8235e6affc121
4362676	2026-08-24T19:27:55+00:00	blocks/8313c609f27ee61eb423f7b6d34197e8
4257280	2026-08-24T19:25:54+00:00	blocks/8353af68ae6653623041e1827213fdfc
4391050	2026-08-24T19:27:27+00:00	blocks/835a6231a2ac69b65890bf7dc1e4dbdf
4211407	2026-08-24T19:29:06+00:00	blocks/838f08e8e7281167648a8ff3d290df0b
4245447	2026-08-24T19:26:50+00:00	blocks/839768963f2a89c49b528ab1d60be235
4238171	2026-08-24T19:27:05+00:00	blocks/843037c8061ca680287c693ca36e594a
4211507	2026-08-24T19:28:39+00:00	blocks/845beb8a563229f6f1c501547d3caf5c
4292399	2026-08-24T19:26:20+00:00	blocks/8468ab57c901f977b35d50e921faf284
4248089	2026-08-24T19:26:30+00:00	blocks/84c1aed39980a2bf4135d6647d44b542
4261237	2026-08-24T19:27:50+00:00	blocks/84da21f395fc29e0bb47dc2585c5ec55
4212015	2026-08-24T19:28:36+00:00	blocks/850e0ecc222acd2f1bcb9cd9511b2a77
4327280	2026-08-24T19:26:23+00:00	blocks/85470528dc628c8da47f2d2637273633
4376834	2026-08-24T19:27:25+00:00	blocks/854dc68f48ae199b50dd6a3c6a9381b9
4251056	2026-08-24T19:26:41+00:00	blocks/8565564ef5b560e683809549a22487a4
4353748	2026-08-24T19:25:53+00:00	blocks/859b72135c79194932314dd81dbe66e5
4330436	2026-08-24T19:28:02+00:00	blocks/85acfa2453a4560c1b13043dced72ad3
4323318	2026-08-24T19:26:22+00:00	blocks/86720882a1b97e978fc039e890d8ef1a
4210359	2026-08-24T19:28:08+00:00	blocks/86aa7245d764a808d540a3c57f84e6e2
4227009	2026-08-24T19:28:59+00:00	blocks/86afda6e2db5856939fc9dc4c963263f
4441956	2026-08-24T19:26:52+00:00	blocks/86f7dba741a3ddf9145e0962d0c4635b
4445572	2026-08-24T19:26:30+00:00	blocks/87415d92344d3983be669dd8c0f592ed
4244805	2026-08-24T19:25:54+00:00	blocks/87a0037046811685dffdb259f736f87d
4211954	2026-08-24T19:29:00+00:00	blocks/87e7c4d24e8062f73d3c329a7a60349b
4344664	2026-08-24T19:26:20+00:00	blocks/883a196c8bef7f22b9b20f792e2d2b9f
4215547	2026-08-24T19:28:03+00:00	blocks/886ab2572dbcdc626bfb9a6bbb6ad34c
4272214	2026-08-24T19:26:14+00:00	blocks/88aff29d134cad1d4d2b60dbada8e8e2
4268308	2026-08-24T19:27:50+00:00	blocks/88e21b5fd4b3459f17ea9109c768abb5
4210807	2026-08-24T19:28:48+00:00	blocks/88e692dc08191a8d4564f6bef60955a4
4387745	2026-08-24T19:26:23+00:00	blocks/894fe856e2b1d3968d9dc69cb36d1473
4325097	2026-08-24T19:26:42+00:00	blocks/895634556c25055568ed76a8a81c819b
4329674	2026-08-24T19:27:28+00:00	blocks/89e32166c43514cc61d47f8df7f0533a
5009839	2026-08-24T19:26:20+00:00	blocks/8a2bda7478aa172073a701efdc800148
4218485	2026-08-24T19:28:37+00:00	blocks/8a9e0fa60c764047f7ddb630f01d6437
4357636	2026-08-24T19:27:06+00:00	blocks/8b05b438d141a8ae80fcfa905fc3ff0d
4259828	2026-08-24T19:25:51+00:00	blocks/8b1553e6697a820a4924a150392a3c5d
4222817	2026-08-24T19:28:10+00:00	blocks/8b19a19c34438a93e4ea2c5e9db54b26
4210442	2026-08-24T19:28:24+00:00	blocks/8b2f56c0125fd3333af80faa0f7e8c87
4285493	2026-08-24T19:26:24+00:00	blocks/8b3eae940fbf5e4170f76b7717ba03ec
4227694	2026-08-24T19:28:18+00:00	blocks/8beca10c455dc434900aed08ebfde4cd
4384759	2026-08-24T19:26:02+00:00	blocks/8c079d1fcdab8651785e0890f9c02ea4
4209880	2026-08-24T19:28:20+00:00	blocks/8c4d98ce518e0a41506c4f97a9d2181b
4287536	2026-08-24T19:26:25+00:00	blocks/8cb0cf1cf660f6fe1630a520c75c6011
4247204	2026-08-24T19:26:50+00:00	blocks/8d412217c8b616758717ff77607e21ec
4320473	2026-08-24T19:26:52+00:00	blocks/8dcee86c520631f3c92aab22daf5df70
4464375	2026-08-24T19:25:52+00:00	blocks/8dd561e3f24582807f27c1ca833daf80
4211339	2026-08-24T19:28:45+00:00	blocks/8df217112b5c4c68e57d7589ebcb9dfc
4214796	2026-08-24T19:28:12+00:00	blocks/8e080bc68c0c6a33b9fdb38aeb628841
4315808	2026-08-24T19:26:21+00:00	blocks/8e34c7120494d89d8630110e9b7f1972
4470313	2026-08-24T19:26:30+00:00	blocks/8e385f2daae98928d58ab091cb3260dc
4214396	2026-08-24T19:28:48+00:00	blocks/8e7475213baa1ec9c411705c3292f26e
4249847	2026-08-24T19:26:27+00:00	blocks/8e7bbedc35ce5f9ed471b5d9da82bbdb
4395037	2026-08-24T19:27:10+00:00	blocks/8e9a1fa3ee340a5cc4970e6bf3f8c4c7
4441006	2026-08-24T19:25:49+00:00	blocks/8ed06540c29f733210d9783ef56fe496
4378988	2026-08-24T19:27:27+00:00	blocks/8f66f97c3a0361cbbb2e622fb99cc16a
4218761	2026-08-24T19:28:25+00:00	blocks/8f6c71559b9fe950618002ecabe9b07c
4279592	2026-08-24T19:27:11+00:00	blocks/8f8665dd7bd7983fa7770536c65fb40e
4332098	2026-08-24T19:25:52+00:00	blocks/8fb974a42bd634711f2b6b48204e59c8
4211134	2026-08-24T19:27:49+00:00	blocks/8fd6cdb521951f9d4c11e45938135f5f
5187939	2026-08-24T19:26:17+00:00	blocks/900f7501027615d6ced8e710a8e7c238
4423752	2026-08-24T19:26:51+00:00	blocks/9074ced9125a31e886055c805ec89378
4306368	2026-08-24T19:26:36+00:00	blocks/908077ce27a881e85aad7f6dbd2676bd
4298922	2026-08-24T19:25:51+00:00	blocks/9095f809f4e5b6b0c88427731ac563b0
4236598	2026-08-24T19:28:44+00:00	blocks/90aef31c565f2b58a3c1e84a225a258b
4211178	2026-08-24T19:28:30+00:00	blocks/90e8adf0dfb26ce38c0229986d571c89
4356706	2026-08-24T19:27:11+00:00	blocks/90f8bd207ac728ca12be9e678dfe14c8
4318818	2026-08-24T19:26:30+00:00	blocks/917a60408e7ecd479544c70bdf62df0d
4216051	2026-08-24T19:28:26+00:00	blocks/91a255f563f76c603c0ecd5ccb53d440
4212224	2026-08-24T19:27:54+00:00	blocks/91ad0abab3b17a2d1d7ddcef26dfd281
4409666	2026-08-24T19:27:10+00:00	blocks/91cac6e7b74a5694afaea498b56ebd90
4214388	2026-08-24T19:28:53+00:00	blocks/91d2da247641b9252739f9b022aec7ae
4308935	2026-08-24T19:27:14+00:00	blocks/921bc61f495fe642b26637745a8d1b7a
5214540	2026-08-24T19:25:53+00:00	blocks/92482d6eef7cc8f6f73208b9c702f179
4445460	2026-08-24T19:26:28+00:00	blocks/9276b897e289a305666be91ff873980d
4344288	2026-08-24T19:27:10+00:00	blocks/9293ca97f968bc55380b2e41b6907877
4230170	2026-08-24T19:28:05+00:00	blocks/92964249df1a1d12f642d8cf79258ba7
4210536	2026-08-24T19:28:04+00:00	blocks/92a61b187edd166907d00b294ee942b0
4273513	2026-08-24T19:26:47+00:00	blocks/92c7ae0a2b01f2e484ea0634ad216f68
4374214	2026-08-24T19:26:35+00:00	blocks/92dda62ef0edd5da0a756ead6c4ae47b
4336394	2026-08-24T19:27:53+00:00	blocks/92eaaa6712444e91306cd75a678b634a
4326593	2026-08-24T19:26:03+00:00	blocks/931a6ccd7f4f073f3d32bc3f46cf582b
4222921	2026-08-24T19:28:48+00:00	blocks/931fef4d2b92393d04d53e98b3f8c5de
4211439	2026-08-24T19:28:24+00:00	blocks/9346589880d5b576519e6416bffb72a1
4214866	2026-08-24T19:28:39+00:00	blocks/9363896b0d5c7a1d29819395b4885ef9
4337271	2026-08-24T19:26:23+00:00	blocks/936a115ef3fa516f96a361fa962a91b8
4306610	2026-08-24T19:26:44+00:00	blocks/938cf9d55fbe359d7641b9a29a930c77
4220143	2026-08-24T19:28:48+00:00	blocks/93a427c8c597f80014e083ff1674a5c6
4220715	2026-08-24T19:29:13+00:00	blocks/93c108bae958a0bc9e030eb7a2fd0afb
4214797	2026-08-24T19:28:12+00:00	blocks/93c40cc9d9070f76ba2a39d7f4049878
4340368	2026-08-24T19:27:02+00:00	blocks/93f3a09fa8f1788dada50a3e1dc297dd
4265172	2026-08-24T19:26:57+00:00	blocks/9458364baf123df53b8d55fd3fe91464
4212154	2026-08-24T19:28:05+00:00	blocks/95262c38af5bfe9a3d06657dc1f9b7d0
4317851	2026-08-24T19:26:31+00:00	blocks/953c8e2beac189d4d8c2675eb152dd7a
4326159	2026-08-24T19:26:52+00:00	blocks/9572d603182601d30a44adbdf7590f2c
4297019	2026-08-24T19:25:59+00:00	blocks/95755e0b253e09f19dbda723a881c1a7
4211818	2026-08-24T19:28:36+00:00	blocks/9693bb5c5e6f7ef898bf0c9a6af95588
4228164	2026-08-24T19:28:03+00:00	blocks/96c2e50630ed520e4d2ec39880bc3154
4452921	2026-08-24T19:27:12+00:00	blocks/96cdbf625b6b4aeccda9d272638e9ace
4982926	2026-08-24T19:26:20+00:00	blocks/96dbd9cfc509003dc1fbb9e2dd68f725
4215073	2026-08-24T19:28:09+00:00	blocks/972070b92ef9b2226610b1c8f045cd91
4329279	2026-08-24T19:25:59+00:00	blocks/9738da9cce04749570a43242d303b3d4
4382867	2026-08-24T19:27:02+00:00	blocks/978271776d14b265d000a7698be6c4c2
4212090	2026-08-24T19:28:24+00:00	blocks/97addb29d04eb9141c6fd16df9c410f5
4212046	2026-08-24T19:28:49+00:00	blocks/97bc79c51e5b85d21bd0f3fab77552c6
4355270	2026-08-24T19:26:21+00:00	blocks/97db4df3779ab6c06098feb7224fce86
4210762	2026-08-24T19:28:54+00:00	blocks/97edc1460ce1d6507ed25a7a9808781e
4211336	2026-08-24T19:28:45+00:00	blocks/981ff47c94cf1cbc0a9c48f96bb128ec
4365828	2026-08-24T19:25:55+00:00	blocks/983498194ca31efc962d8c24570a0d21
4262037	2026-08-24T19:27:54+00:00	blocks/985ba8437a7611a30993150a01382302
4273734	2026-08-24T19:25:50+00:00	blocks/985cd3387064404582a1a7275576f54e
4218724	2026-08-24T19:28:23+00:00	blocks/9873b5b15df0ee8e0f822db67c768227
4332820	2026-08-24T19:25:55+00:00	blocks/98b3411f59cac1dacfe5ea588013de24
4425374	2026-08-24T19:27:54+00:00	blocks/99091406056450de0946c5ca82f747d8
4323424	2026-08-24T19:26:44+00:00	blocks/99e8d0853140d0da0c3d347f7ff2174e
4306368	2026-08-24T19:26:30+00:00	blocks/9a16671fa48df9194ef20956172e05a0
4239104	2026-08-24T19:26:20+00:00	blocks/9a2f1de89b71c99f5b4be8e5a6e38d7f
4255670	2026-08-24T19:25:50+00:00	blocks/9a43370167dcd0c074dfa68a01a11a91
4325869	2026-08-24T19:26:27+00:00	blocks/9a46ab7725add95f870210a9c8ee97ed
4219870	2026-08-24T19:28:30+00:00	blocks/9abf74c75c7f43ba33215bd04770adce
4225420	2026-08-24T19:28:24+00:00	blocks/9ad79860ae42174367a2c30bbfb5de96
4245686	2026-08-24T19:26:44+00:00	blocks/9b1970b46148591707cab0715c182b5e
4364453	2026-08-24T19:27:07+00:00	blocks/9b28bc7a5c8f066eb1e5bd11ebcd2bb1
4411435	2026-08-24T19:27:21+00:00	blocks/9b7d1f0dbb9c2c57bb50388e9f238cdd
4250159	2026-08-24T19:27:50+00:00	blocks/9bdfb29d3e0b4625ff54d3daa79187ed
4219227	2026-08-24T19:28:37+00:00	blocks/9c035da3958f88f21e3b28898addf612
4211889	2026-08-24T19:28:12+00:00	blocks/9c4ae6d3d977b85ca7f5fe422a3f0aee
4215474	2026-08-24T19:27:49+00:00	blocks/9c5d0596ddad8811fbfdaa5032f71d3b
4297575	2026-08-24T19:26:02+00:00	blocks/9c7636c14b35d7ead273580aae2abf42
4268104	2026-08-24T19:26:30+00:00	blocks/9ca1527f5ea695491313979136acd9b0
4218348	2026-08-24T19:28:20+00:00	blocks/9cc2ce96309a0d0fb4af92bf3ccbbaf6
4277432	2026-08-24T19:26:20+00:00	blocks/9cccfe626921b9a1ed6fb6855bfd5d88
4367165	2026-08-24T19:25:54+00:00	blocks/9ce5ee985ca5981d4e62638e67fe3623
4215062	2026-08-24T19:27:57+00:00	blocks/9cff13253f346bcad1e95d3390b0e153
4274218	2026-08-24T19:27:21+00:00	blocks/9d222fd2d3586299990786a44bfef05c
4292529	2026-08-24T19:26:02+00:00	blocks/9d70647ffe8d63a9bc3a6c0bd610f1a9
4248668	2026-08-24T19:27:52+00:00	blocks/9d7ac5ba234466ab3cd3b7b2eb0188f6
4432368	2026-08-24T19:26:35+00:00	blocks/9d9dbb4421115010cdcba6d193d167bc
4303774	2026-08-24T19:25:49+00:00	blocks/9d9e05a4e5732df27c7d017afb63736e
4223530	2026-08-24T19:28:08+00:00	blocks/9da5b8adf9d7890818ba70c0824b6806
4237950	2026-08-24T19:26:36+00:00	blocks/9de4d399b4b9e19698dc4b081ef6c1d4
4227045	2026-08-24T19:28:04+00:00	blocks/9e7dee917b3e053745338881f1244728
4211609	2026-08-24T19:29:01+00:00	blocks/9ee6c45cb2461299d69c90f4882fb493
4272185	2026-08-24T19:27:12+00:00	blocks/9f1ab77a5d472ee53860104399c1d7ef
4247325	2026-08-24T19:26:21+00:00	blocks/9f7384e11956eaa3cca15312d10ffe55
4384739	2026-08-24T19:27:12+00:00	blocks/9f8246a6536aa49f6c8a7740635c6390
4280246	2026-08-24T19:25:57+00:00	blocks/9f95c53f14e1b873c9ac21f429d85a86
4343019	2026-08-24T19:26:02+00:00	blocks/9f99a866edc0ece9da92410279dc92b0
4320988	2026-08-24T19:27:10+00:00	blocks/9fa3ed6815a4c118547dfe703e62e2e4
4373076	2026-08-24T19:27:00+00:00	blocks/9fdb6e50a43d144bdf6311b00cd04d27
4358535	2026-08-24T19:27:54+00:00	blocks/a014d3943b9b0b733e4c161a6aa6f3ee
4211808	2026-08-24T19:28:03+00:00	blocks/a025173dfb77db748300092706365a89
4210660	2026-08-24T19:28:56+00:00	blocks/a04b82ad75c87763a9c7414cef86ba2a
4305734	2026-08-24T19:26:36+00:00	blocks/a051c27fb8805d138fa49987f701f07e
4246630	2026-08-24T19:25:46+00:00	blocks/a058be0b2b51b885737012c6ac321746
4311266	2026-08-24T19:25:58+00:00	blocks/a05cd62d6857616cb37bc1cbe24bda15
4277605	2026-08-24T19:27:00+00:00	blocks/a0859d6e6240f189a77ab09d9dc152e6
4536080	2026-08-24T19:25:51+00:00	blocks/a0e0805455ed465c22f8326760534f31
4311875	2026-08-24T19:26:23+00:00	blocks/a0e1c5ff0c0364861efe762c36a53a8d
4277577	2026-08-24T19:26:35+00:00	blocks/a115d2493619ccf2f7fecac95def3e9e
4381253	2026-08-24T19:27:10+00:00	blocks/a16f2b3161cf99e3b36538152acbde85
4299793	2026-08-24T19:26:25+00:00	blocks/a1b8c519ce79ad74c31a19ae167587aa
4252115	2026-08-24T19:25:57+00:00	blocks/a1e89b93f281eea93ca7064bc6b64746
4332414	2026-08-24T19:27:12+00:00	blocks/a22a820212e313df54a77cfb1d18b237
4273332	2026-08-24T19:27:04+00:00	blocks/a239f2a4aa520a99398ee48b7d546afa
4219566	2026-08-24T19:28:17+00:00	blocks/a28a3646a08ea678e1664da368c960fe
4373250	2026-08-24T19:25:59+00:00	blocks/a2aefcd8a98ceebd90bebc0ebc89db77
4347922	2026-08-24T19:27:12+00:00	blocks/a2c12dfa4f9b43f1f018128f02e3e661
4393365	2026-08-24T19:27:11+00:00	blocks/a2ca859ff9757dd875f9d1001255db42
4211780	2026-08-24T19:28:26+00:00	blocks/a3fc6f76b34f15510ea214a13a5c3448
4671666	2026-08-24T19:26:18+00:00	blocks/a411347071db56d9ffa1b2cbb2f48812
4213169	2026-08-24T19:28:36+00:00	blocks/a4242065a2efc49236fc4f70451ae571
4320519	2026-08-24T19:26:23+00:00	blocks/a43300d018e4974791d5a1cb19cadc18
4214694	2026-08-24T19:28:45+00:00	blocks/a44fe045c1562416eb21f089ed536941
4341099	2026-08-24T19:26:45+00:00	blocks/a4837998cf225c42088ec988fb888594
4309984	2026-08-24T19:27:10+00:00	blocks/a4847e05583bd7a436817752eccffcc5
4215061	2026-08-24T19:28:39+00:00	blocks/a485317898b294b0b2caba7f7eab65bc
4351190	2026-08-24T19:27:12+00:00	blocks/a4875c03250053e6dbb1002579d8f22e
4326654	2026-08-24T19:27:21+00:00	blocks/a4c94a6625995b6a71c0658b1dc43f07
4307197	2026-08-24T19:26:43+00:00	blocks/a4c998187707871407b335e63fdf7f94
4361042	2026-08-24T19:26:03+00:00	blocks/a4ceb8f6171226174b4e686d80c4cc65
4266903	2026-08-24T19:26:41+00:00	blocks/a4dde00ce2e8a54693c7096f20c453a4
4219403	2026-08-24T19:29:03+00:00	blocks/a4eaf1b120f39f92db323cd8eb3f3ccc
4338601	2026-08-24T19:27:50+00:00	blocks/a4f9b089a1ba1a07f5ab1c47d8e98741
4215168	2026-08-24T19:29:10+00:00	blocks/a50a1859778e194b3928fe192bdf7b54
4326855	2026-08-24T19:26:35+00:00	blocks/a516ea2ac6984cf9409b3c9346426c51
4243505	2026-08-24T19:29:13+00:00	blocks/a538faf5c85d41ea0f1cf825a91129a2
4292631	2026-08-24T19:26:51+00:00	blocks/a5585c7878f1f2b673ab9838d3ea0dff
4307034	2026-08-24T19:26:21+00:00	blocks/a560b08fa6b7deef497569722b5b022c
4358271	2026-08-24T19:26:13+00:00	blocks/a5823d4e83853031312f05aac3779807
4336155	2026-08-24T19:27:06+00:00	blocks/a5d5bba9bb48fd550a5f3868a1e6a2fa
4442111	2026-08-24T19:27:50+00:00	blocks/a609d22970ebdf58066b3d23cb6ae6e0
4216792	2026-08-24T19:27:54+00:00	blocks/a653ffe20c203d1e26983876ac9706a8
4332801	2026-08-24T19:27:21+00:00	blocks/a65c071f4cc3b3cd1c4541110c280ef1
4308851	2026-08-24T19:25:56+00:00	blocks/a67e84378efedac74f6c364f4a4e2b2e
4289392	2026-08-24T19:26:30+00:00	blocks/a6e530aab08e62f752b25393f0a017a2
4321763	2026-08-24T19:26:25+00:00	blocks/a704d993ad09dd795e0b4adabdcfc065
4291396	2026-08-24T19:27:27+00:00	blocks/a71733b8c7487de102b3ae8fac467180
4345625	2026-08-24T19:25:50+00:00	blocks/a7d0934156a4c71ff1e344ba06baf62f
4194482	2026-08-24T19:26:20+00:00	blocks/a7dbd9ba5b27e3faec3ade5cfd7991ae
4363194	2026-08-24T19:26:43+00:00	blocks/a7e2d5e267f3e8dc736b1643edfd837c
4210865	2026-08-24T19:28:20+00:00	blocks/a82dfd12d79e0aeca67545d07ae35d99
4231690	2026-08-24T19:28:13+00:00	blocks/a82f3ebb93f218889de7b08b3283e2bd
4331852	2026-08-24T19:27:57+00:00	blocks/a86f625dd28dbf35af723896e71c7d82
4333453	2026-08-24T19:26:28+00:00	blocks/a87ff13a05807a1b7608606c029920f7
4209626	2026-08-24T19:28:30+00:00	blocks/a88b3913f23a9883005db72be23da78f
4338081	2026-08-24T19:26:49+00:00	blocks/a891944358e8a8670d54e8f339972078
4301273	2026-08-24T19:27:33+00:00	blocks/a8ecb4eca50b9b6a3d2281c01e1d519c
4212255	2026-08-24T19:28:56+00:00	blocks/a9199415ca17e84ac9c5d2a249889465
4289825	2026-08-24T19:25:55+00:00	blocks/a9e686dab47fad0d0c73d53509345044
4343470	2026-08-24T19:25:53+00:00	blocks/aa0a3467ac2a06f6554984f9a46250dd
4211509	2026-08-24T19:29:04+00:00	blocks/aa1d0c90684efe01611a01c7903d4191
4223802	2026-08-24T19:28:54+00:00	blocks/ab9c380aee3b8bd2bc3321a1d6d12337
4224035	2026-08-24T19:27:58+00:00	blocks/abaa9c57bd79844cecb1fd18d2fac133
4266030	2026-08-24T19:25:49+00:00	blocks/abdab5332323aa3d19e18cb9a13f1bdf
4215670	2026-08-24T19:28:15+00:00	blocks/ac378b5303de197efbb57ba87f15b9f5
4330568	2026-08-24T19:26:27+00:00	blocks/ac6bfdc42fe59676869e1015939bbe5f
4220288	2026-08-24T19:28:22+00:00	blocks/ac6ce36a95a6644fbebc2b9838bd099d
4218996	2026-08-24T19:28:04+00:00	blocks/ac79390861610cb245bb531ffc2927c7
4220141	2026-08-24T19:28:10+00:00	blocks/accb81d19cd9b9f9eb01601717b0b9a5
4232932	2026-08-24T19:25:47+00:00	blocks/ace7d23500fffd53a92d96fe69ae5790
4313860	2026-08-24T19:26:57+00:00	blocks/ad0fd075e82d553bc2c8d46ef2d34e28
4219001	2026-08-24T19:28:36+00:00	blocks/ad2fced1b65cea5568b2e5cd0ce43b5a
4281248	2026-08-24T19:26:35+00:00	blocks/ad3dbdc26d849e56f0667c786c670773
4215573	2026-08-24T19:27:54+00:00	blocks/ad643c0302b4ea562bda5effe00fe14a
4211747	2026-08-24T19:28:44+00:00	blocks/ad84e081b107c00b9c26f5b41ec325eb
4286942	2026-08-24T19:27:51+00:00	blocks/ad8e5fb39817e26355fea083b751e12d
4356497	2026-08-24T19:26:59+00:00	blocks/ad8fa0f49f106c06e51d347d1372c937
4291326	2026-08-24T19:25:58+00:00	blocks/ad92f931c229568ba5da6d839f5834c7
4211885	2026-08-24T19:28:25+00:00	blocks/ad96b3dba3a9238147a7af7ca20f4c41
4339758	2026-08-24T19:25:52+00:00	blocks/ada8c36bd408a81c39c1005c0e92f833
4233673	2026-08-24T19:26:28+00:00	blocks/adde041a72075e8ea71ca338a375403a
4256728	2026-08-24T19:26:23+00:00	blocks/ade9f15284b2dfdee7bb32904a719df5
4289073	2026-08-24T19:27:12+00:00	blocks/adfc77bcf38db4b27da4a9c9de22cce7
4219293	2026-08-24T19:28:53+00:00	blocks/ae14d4efd1a7f9490fa501d234e30843
4211372	2026-08-24T19:28:08+00:00	blocks/ae264572ad453683741e8c51ed880584
4212241	2026-08-24T19:27:49+00:00	blocks/ae2bfe8672f9c7ff08330ff0522b5376
4499160	2026-08-24T19:26:21+00:00	blocks/aec0652b7f0519f4635ad0a7d2786ede
4314818	2026-08-24T19:25:49+00:00	blocks/aee36099a77208deb4051466c4869834
4258463	2026-08-24T19:26:52+00:00	blocks/aef69edae55437029f6c2cedf9924a61
4317667	2026-08-24T19:27:11+00:00	blocks/af1b678d2bd61089eec02ff4e779ba2f
4234928	2026-08-24T19:25:58+00:00	blocks/af1d86e1fe278048fe08c91cb27317f2
4330962	2026-08-24T19:26:44+00:00	blocks/af388e723c8bba3d4866871c2d087274
4214887	2026-08-24T19:28:08+00:00	blocks/af8d6597be294a7d9f883af92fe85d96
4262320	2026-08-24T19:25:49+00:00	blocks/af93ab8ede4de5a500a11a6e125cfb9a
4330368	2026-08-24T19:26:07+00:00	blocks/afd6fcac6b75b40a206430c81b6247d3
4342330	2026-08-24T19:26:26+00:00	blocks/afe1efbec07225eb74a965dc435e7540
4345441	2026-08-24T19:26:43+00:00	blocks/b02860e8c84c94160485573b67b6c2fa
4268363	2026-08-24T19:27:21+00:00	blocks/b036cce6b0de86812eafc0b66ce24b1f
4253148	2026-08-24T19:25:51+00:00	blocks/b04fbbfde158c537debd9f7ac3568bb6
3022523	2026-08-24T19:25:54+00:00	blocks/b04ffdaa04a5245e6c30eb6ff27a2159
4281632	2026-08-24T19:26:03+00:00	blocks/b06a19e6ac2c2d81d779d8ceae849fe7
4270438	2026-08-24T19:25:54+00:00	blocks/b07b3854155161a059b95df119ee3cee
4306368	2026-08-24T19:26:25+00:00	blocks/b08d66a7bf76816df86cfb847bf9447b
4210833	2026-08-24T19:28:47+00:00	blocks/b0a2bc41a23fbd1b6b44a0feb8dc6d0f
4372721	2026-08-24T19:27:55+00:00	blocks/b0cad5a13f9f36a19141f91d7a79c30b
4372637	2026-08-24T19:26:36+00:00	blocks/b0d80ccbc2bff1954d601da5ca776730
4350996	2026-08-24T19:26:23+00:00	blocks/b140a72bf79ddbfb86a9d3e90ca78384
4307125	2026-08-24T19:26:23+00:00	blocks/b185e85e7f9d92f328022b82a373a233
4286937	2026-08-24T19:25:57+00:00	blocks/b1871c91dc04955fb3e99067b6ea952f
4231386	2026-08-24T19:28:48+00:00	blocks/b1c65d4c7eed2448232c68594bafe9da
4211988	2026-08-24T19:28:14+00:00	blocks/b22e00b42433a730a1dfbe7641ee8677
4434952	2026-08-24T19:25:50+00:00	blocks/b2309db9459d106edf71302b3f4536f5
4343924	2026-08-24T19:26:49+00:00	blocks/b2798337f057bf93ee08c88724f42bb9
4247813	2026-08-24T19:27:11+00:00	blocks/b2b8d6ef447f7d385f9c2ad4b4285867
4222177	2026-08-24T19:29:00+00:00	blocks/b2deed905f0a27f9b22c028aed18a691
4331671	2026-08-24T19:27:24+00:00	blocks/b31e21886d3206dcaa89490c719ef4cf
4215197	2026-08-24T19:28:08+00:00	blocks/b3508af1ec1c7d1ee4f1b222644b124f
4365698	2026-08-24T19:26:45+00:00	blocks/b3d160d8be61993bfe3b5ee0c833b766
4214829	2026-08-24T19:28:38+00:00	blocks/b4584f2087d99901236c68e5b28401f6
4320452	2026-08-24T19:26:21+00:00	blocks/b4806860b93a4104a5365ca1f076eccf
4434055	2026-08-24T19:25:49+00:00	blocks/b4a1d066b3f9c4868c14d7184fb9cc78
4296350	2026-08-24T19:26:35+00:00	blocks/b4c0ecde02c0304dff69885750305eb4
4214225	2026-08-24T19:28:05+00:00	blocks/b4d37d33e203be2370f5f5d948765505
4300014	2026-08-24T19:26:30+00:00	blocks/b52b5276588183a73ed44166b940b7e5
4211708	2026-08-24T19:29:21+00:00	blocks/b5516cf82d77c6a3baca9d1c0d10336d
4211240	2026-08-24T19:28:11+00:00	blocks/b56db8a5798d42220e7ca325273675dd
4315230	2026-08-24T19:27:13+00:00	blocks/b56f25a08927d53055a3e93398ab2b41
4322355	2026-08-24T19:27:01+00:00	blocks/b59f95f49dd438ce3cbe106d760b3f7f
4211311	2026-08-24T19:28:41+00:00	blocks/b5ce7f32a3bec6ef426b3ee1b2d0cb9c
4325466	2026-08-24T19:26:36+00:00	blocks/b60b26900a2872f200a550d9dc1b03d6
4211822	2026-08-24T19:28:46+00:00	blocks/b65e7a73ee2d385d18bc233bda2971dd
4306917	2026-08-24T19:27:27+00:00	blocks/b6675002728215ee2238ad5bcb642991
4269672	2026-08-24T19:27:24+00:00	blocks/b66b040df8ff86f1773e4980b47f1121
4359436	2026-08-24T19:26:25+00:00	blocks/b6c8d83ef9b1cb247255cb84356294bb
4339830	2026-08-24T19:27:55+00:00	blocks/b6e048b1979e70c8489404d00a5aa314
4381882	2026-08-24T19:27:14+00:00	blocks/b6e70963c4b6faf999dfb2685b0e1842
4329370	2026-08-24T19:25:49+00:00	blocks/b71470481c706396a578537ab72aeb2f
4294265	2026-08-24T19:26:27+00:00	blocks/b77cc12f42d4e06cabde21a11d6e83b1
4305967	2026-08-24T19:27:54+00:00	blocks/b79156a33cc52ab18c37fb2910cb4c4a
4230569	2026-08-24T19:28:12+00:00	blocks/b7a031cd8ef5364bc048749ba4354ad8
4233405	2026-08-24T19:26:44+00:00	blocks/b7b88abda467da38dae1c08392b1ee13
4242047	2026-08-24T19:27:57+00:00	blocks/b7e2cf60626f1a77e6d55b79fc6de8c9
4276955	2026-08-24T19:25:50+00:00	blocks/b7f1e658e53636300d035228c2c20dda
4301620	2026-08-24T19:27:27+00:00	blocks/b80dc371e365965242efe935910a8bdd
4285199	2026-08-24T19:27:51+00:00	blocks/b8370a6da1f259be2654e9bdf78d9455
4265081	2026-08-24T19:27:27+00:00	blocks/b838e8910bc213f43f96bf2c8a2d211b
4341721	2026-08-24T19:26:08+00:00	blocks/b849ead23131f6b20e087983a30fd76d
4215541	2026-08-24T19:28:29+00:00	blocks/b89323a5959b520d28026eec2b7a590e
4210468	2026-08-24T19:28:49+00:00	blocks/b8aa4d33284279689206871b2f557f36
4268813	2026-08-24T19:26:22+00:00	blocks/b8bf412ddb06859566f1ed6758abd9bd
4293091	2026-08-24T19:27:28+00:00	blocks/ba12892cbc143c9196d43493f16c94c9
4304057	2026-08-24T19:27:54+00:00	blocks/ba1fa5459aae9757825bda49e35b95ce
4214255	2026-08-24T19:28:09+00:00	blocks/ba383659dbaf4589c92b0208f0da40e7
4323234	2026-08-24T19:27:55+00:00	blocks/ba3f1bafb8ed273284fb4b075381d6b7
4359667	2026-08-24T19:27:52+00:00	blocks/ba6c54451b1a6b666ef0cb5ede7a7cd4
4280573	2026-08-24T19:26:35+00:00	blocks/baa140910697d1e5e2771fa61fc324e3
4215397	2026-08-24T19:28:19+00:00	blocks/bad42a081b0c671596e9429b6324c36d
4194482	2026-08-24T19:26:18+00:00	blocks/bb25880208f2ddfaabfda75963d82251
4298352	2026-08-24T19:28:00+00:00	blocks/bb9ccefcee11442bf7c2a2e53803d4ae
4298450	2026-08-24T19:26:31+00:00	blocks/bbbd01d35f94496c064d1bf083c6c617
4248516	2026-08-24T19:26:21+00:00	blocks/bbc315280651b32a35fb8d00ec7584d4
4211345	2026-08-24T19:29:04+00:00	blocks/bbfdbb77160995772f48bc65b1b7bee3
4233328	2026-08-24T19:25:46+00:00	blocks/bc21a4c9a5c68f4709780a53008d6c17
4289375	2026-08-24T19:26:52+00:00	blocks/bc25ccf20a6a9a43047a0a785725832a
4291024	2026-08-24T19:27:11+00:00	blocks/bc5c4c7dbb75980805d95a3dbfe6efad
4270181	2026-08-24T19:26:02+00:00	blocks/bc5eee016b35030894193f4ed1b6db63
4369842	2026-08-24T19:26:52+00:00	blocks/bc66dc85dfbed3431a2e4407ac1e3766
4214766	2026-08-24T19:28:04+00:00	blocks/bcc15907e89a01418ae6de0aa0d2bd75
4268560	2026-08-24T19:27:06+00:00	blocks/bcdc2ef8575151792c24ee3d40224ed5
4226617	2026-08-24T19:27:44+00:00	blocks/bcded7d4949c0062fe66e3e0109e510a
4211549	2026-08-24T19:28:32+00:00	blocks/bce8ec57a69bb9a49196c7d47c35d292
4212222	2026-08-24T19:28:01+00:00	blocks/bdc914fcdcd51024cc03dfdb6db0abb3
4280085	2026-08-24T19:26:36+00:00	blocks/bdcba3a53693cbc6f7404b3f8312079f
4361281	2026-08-24T19:27:57+00:00	blocks/bdecc70f11b9e815c5943cb447bc944e
4290355	2026-08-24T19:26:56+00:00	blocks/bdef2fd1abe9208f31d3b5d67193a556
4211130	2026-08-24T19:27:53+00:00	blocks/be8dcea0b7fd7fb9bed17ef3fa70cc6b
4345984	2026-08-24T19:26:42+00:00	blocks/be9fadd5b9b22f191546885fc2543c0e
4323592	2026-08-24T19:26:09+00:00	blocks/bea3b46da0dd79bd95a9aed21427c6b1
4428320	2026-08-24T19:26:35+00:00	blocks/beff89b03433e10a0a2e00cf5f94c8b5
4216052	2026-08-24T19:28:22+00:00	blocks/bf23a63241836338d3fd8d3d4f2049fc
4210296	2026-08-24T19:28:33+00:00	blocks/bf6a5cf1a0046daf8c5e76bbe644c97e
4210596	2026-08-24T19:28:18+00:00	blocks/bf7195f4b66fe72ed8f4e0703510c5ca
4423080	2026-08-24T19:26:01+00:00	blocks/bf914ff90e591c1cb92c7c1e03a26984
4327400	2026-08-24T19:27:23+00:00	blocks/bfc9d21b4094e38908b5711291f7a387
4214999	2026-08-24T19:28:10+00:00	blocks/bfd3bc538fc03890ed3d5d31e5129493
4227199	2026-08-24T19:27:22+00:00	blocks/bff0283146c6e94e6378f2339e052dd9
4210871	2026-08-24T19:28:54+00:00	blocks/c00bde6125a4ddfc4abc457b1a23ba92
4288230	2026-08-24T19:26:24+00:00	blocks/c017c49afb3aa182efd6b1c2f579f3b3
4292239	2026-08-24T19:27:10+00:00	blocks/c06409a940732962a79187f3b98f524b
4310029	2026-08-24T19:26:24+00:00	blocks/c076e6f066a6ec59b4b88cf92d7c9df6
4324026	2026-08-24T19:26:25+00:00	blocks/c0aaaa86120fb966d9c9bd1b30e82479
4460529	2026-08-24T19:25:51+00:00	blocks/c0d2faa3d068ce5ff6cd8d802b19c8e3
4301335	2026-08-24T19:26:23+00:00	blocks/c0fc4125b96d961cd725f630f239ae0e
4267361	2026-08-24T19:27:07+00:00	blocks/c0fdc2941acba3fadc8eab8dd4ebe733
4258585	2026-08-24T19:27:28+00:00	blocks/c12175698f5f4835735f5de4472a8a58
4281321	2026-08-24T19:26:23+00:00	blocks/c12a59d5121f368a843100a5a7dcf857
4210934	2026-08-24T19:28:48+00:00	blocks/c167e3a17dff54659aaea5da7389fc66
4421449	2026-08-24T19:27:50+00:00	blocks/c1820806d2097fada532857d51f4d1b3
4257781	2026-08-24T19:27:55+00:00	blocks/c197c9ad089ae5242d0358a3a780155f
4210846	2026-08-24T19:26:51+00:00	blocks/c1ab0f6c0688a4958dfcf1af1d156812
4395917	2026-08-24T19:26:23+00:00	blocks/c1ca81064407fb59ff1faa515b9c0422
4402918	2026-08-24T19:27:14+00:00	blocks/c1f5554a37694ea31efef162d63a9f79
4209656	2026-08-24T19:28:53+00:00	blocks/c2110fd7a29b5ab3d5cf23239afa5cc0
4215278	2026-08-24T19:28:27+00:00	blocks/c220b789f5940200976414cffe9eb475
4214450	2026-08-24T19:28:13+00:00	blocks/c22bebeafb6846720a3ed6cab76824c2
4211476	2026-08-24T19:28:44+00:00	blocks/c26169882c9fe04f0cc50c0e15db3ae5
4253421	2026-08-24T19:27:03+00:00	blocks/c26d9eca0c7a6899e2b4bf61b702b5ef
4219535	2026-08-24T19:27:52+00:00	blocks/c281a026114056672c137e36196aeeb1
4246395	2026-08-24T19:27:55+00:00	blocks/c2c9e17449cdd7d36153808738f22e7c
4210858	2026-08-24T19:28:25+00:00	blocks/c2da39eae6872a65c1d35b8bd5b750f2
4332888	2026-08-24T19:27:27+00:00	blocks/c3506151cf8324337a5583637c93a69b
4339183	2026-08-24T19:25:57+00:00	blocks/c3bb2589fcfe850a5562b93dcce76ca4
4328661	2026-08-24T19:27:28+00:00	blocks/c3c8f7ad9d5b1118c35d5b2e777da7ce
4294887	2026-08-24T19:25:51+00:00	blocks/c3dbf824e94a5dc174422607977acd2b
4296093	2026-08-24T19:26:25+00:00	blocks/c3ff5a87563a7cb6f434ecaa4a10d231
4210593	2026-08-24T19:28:45+00:00	blocks/c453090eb7e44d6b66b5f83f5cdadaf5
4222813	2026-08-24T19:28:32+00:00	blocks/c4c8ce66d8dfdf70ecc2ff5146f64ec5
4258203	2026-08-24T19:26:13+00:00	blocks/c4caf3a450bdf11600591597ee9354ff
4210973	2026-08-24T19:28:11+00:00	blocks/c4f4a64cd22a2374dd20e9fae4bb5bde
4210495	2026-08-24T19:28:37+00:00	blocks/c58b7884a86f4f3bd5d84e6da4ddd228
4220112	2026-08-24T19:28:45+00:00	blocks/c5deb5a37e90d8356b8b9b48c0b06160
4215404	2026-08-24T19:28:30+00:00	blocks/c64b0164577df0739f262590ac127b98
4337121	2026-08-24T19:25:55+00:00	blocks/c68ed985b653dadb572a2562b55501fb
4228098	2026-08-24T19:28:37+00:00	blocks/c6cd2c23e5354c5f5612d90aa61abec2
4286776	2026-08-24T19:26:42+00:00	blocks/c6ec90a4ad78da8e4ffa8c7e08e192a7
4292490	2026-08-24T19:27:55+00:00	blocks/c7054a85cef2acf16393322f0ef7633f
4211550	2026-08-24T19:28:22+00:00	blocks/c72c815bf834e176af58a545e1c78f3f
4353024	2026-08-24T19:27:50+00:00	blocks/c74a1034b56af5a6637175f319f7397a
4291919	2026-08-24T19:26:07+00:00	blocks/c768fab9742c4b546bfe482ca6ff9277
4227899	2026-08-24T19:29:04+00:00	blocks/c811bd5f8b84b842fbad344bd73371e9
4414581	2026-08-24T19:27:57+00:00	blocks/c81aff5d6eed333e173f69f0a622c540
4271230	2026-08-24T19:27:13+00:00	blocks/c822afdaf0202f100e19fa5a36099c75
4346414	2026-08-24T19:25:55+00:00	blocks/c8b09f1cd60b1ab8c9a5bbd5e66537fe
4321289	2026-08-24T19:26:31+00:00	blocks/c91f2c3ce147184561e7f40e5aeaf504
4248563	2026-08-24T19:26:30+00:00	blocks/c99976d6e056d38aa5154102b46a497f
4211110	2026-08-24T19:29:05+00:00	blocks/ca01c9e2c3b1d69b25124974e2ace490
4243469	2026-08-24T19:29:01+00:00	blocks/ca0be4f750b8c7c9040d0a6b75f8e7e8
4238114	2026-08-24T19:26:20+00:00	blocks/ca0ff9165c9a9a65e58a52c0a3189496
4219031	2026-08-24T19:28:00+00:00	blocks/ca3f023a57756fe891085b2fb6d17cd9
4402842	2026-08-24T19:26:28+00:00	blocks/ca807e1bec5df4c4663cd07921612b51
4211114	2026-08-24T19:28:10+00:00	blocks/cada37cca091c1dddd31c4876d9765e5
4361513	2026-08-24T19:26:24+00:00	blocks/caf2f8916b9f758cc73770f96fa8bbba
4261994	2026-08-24T19:26:23+00:00	blocks/cb323ed2678a8af1197ac4ff14724dab
4215912	2026-08-24T19:28:03+00:00	blocks/cb478fb932a045ead8d6c4851039d9d0
4256815	2026-08-24T19:26:20+00:00	blocks/cb907cc37a5c4097d19d5dbc52ece064
4393980	2026-08-24T19:26:41+00:00	blocks/cb9e5e9ec054bb377b2e5b0ba36d8fe7
4235631	2026-08-24T19:27:13+00:00	blocks/cba99203e5480e17c8975348dfdfaa62
4315475	2026-08-24T19:26:22+00:00	blocks/cc005e0b6ab379ffa1bdf1af06261ce5
4211278	2026-08-24T19:27:43+00:00	blocks/cc11df3a12e746dca82b9b2148b8a691
4297180	2026-08-24T19:27:00+00:00	blocks/cc195cda14aeedd7e4d58be494aeba5a
4419184	2026-08-24T19:27:51+00:00	blocks/cc3e3483ab869b251d6287648f16439a
4365978	2026-08-24T19:27:14+00:00	blocks/cc46a0b20d646445582454a41fb84b49
4211496	2026-08-24T19:25:50+00:00	blocks/cc5a33273bcb48802ffd29698b45966c
4210678	2026-08-24T19:28:39+00:00	blocks/cca1eb8631223fde6535ce6b7456e106
4235881	2026-08-24T19:27:11+00:00	blocks/cce8b2de286cc1c7ca732ed00c163182
4265174	2026-08-24T19:25:49+00:00	blocks/ccee9e03a9a5a35b278166b11b2facff
4482594	2026-08-24T19:25:53+00:00	blocks/cd0dd33980a74e801eda1d6baa0b7cac
4231352	2026-08-24T19:29:04+00:00	blocks/cd165ba645cfa0466cf9881f005db1a8
4281252	2026-08-24T19:26:26+00:00	blocks/cd175a646b65c19609bee487b5f60e7f
4325996	2026-08-24T19:27:58+00:00	blocks/cd17f6bedc62de70680024d3d2ae7a8e
4382495	2026-08-24T19:27:50+00:00	blocks/cd2adb331418cec1777f6e9d0cd4bf23
4343890	2026-08-24T19:26:36+00:00	blocks/cd4d79fa106174404e67bd436ad127e3
5180760	2026-08-24T19:26:22+00:00	blocks/cde134e4f2dc563ff391c19a852b6f8b
4464372	2026-08-24T19:25:59+00:00	blocks/ce1df3087f44d05b331fa6f56e21a987
4269693	2026-08-24T19:27:57+00:00	blocks/ce469f81f46a7aeb9e08a63f869c9aa3
838658	2026-08-24T19:29:13+00:00	blocks/ce557fbd999bf74a199e0841bf3de190
4312765	2026-08-24T19:26:44+00:00	blocks/ce971e29436788ef8b1151bcb12d9163
4268000	2026-08-24T19:26:45+00:00	blocks/cecaa19692761c4606b0b0e8b2910ca2
4393812	2026-08-24T19:27:27+00:00	blocks/cef32feb5065973a15e41a2f2aa37964
4215197	2026-08-24T19:28:36+00:00	blocks/cf4ae11ed1b93e2b31f893da98b75b29
4301707	2026-08-24T19:26:30+00:00	blocks/cf5328cb58afeca88d16637b42eda122
4215564	2026-08-24T19:27:12+00:00	blocks/cf6d4e5fbf9c0261605746e1b4aae7a6
4241011	2026-08-24T19:27:02+00:00	blocks/cf7d6e89ab560840191d9376cc73bb4e
4257296	2026-08-24T19:26:42+00:00	blocks/cf8f70f161185a48b5c812bc375214ce
4211449	2026-08-24T19:28:28+00:00	blocks/cf9589104ef03a6c1b388f31b2534540
4284430	2026-08-24T19:26:36+00:00	blocks/cf96f5e0d5987dfe2c0dc87e2f6cb9c4
4335561	2026-08-24T19:26:26+00:00	blocks/cfb10274ffe0f0481bcbfe245dbe46db
4219330	2026-08-24T19:28:36+00:00	blocks/cfb8fb88cc153f93d48e0e1df0428675
4287400	2026-08-24T19:26:33+00:00	blocks/d02de80ceb69851930b7cd1c6729eded
4325238	2026-08-24T19:25:50+00:00	blocks/d0429ca0b14e29cc457788ea62403163
4294462	2026-08-24T19:26:21+00:00	blocks/d075569d462e66f84f959d6e5d8faf38
4194482	2026-08-24T19:26:18+00:00	blocks/d07d2230a3a9b880e4a8b8f4d18614ae
4218895	2026-08-24T19:29:03+00:00	blocks/d0ed75de5b35148cec1a0204ee093c7b
4209884	2026-08-24T19:28:58+00:00	blocks/d0f00f9ae33c954b5be6c03f31a7698b
4287287	2026-08-24T19:26:23+00:00	blocks/d0f67f7f39e8b31a5ffb3a3240fb0f05
4227728	2026-08-24T19:28:56+00:00	blocks/d10196de975644a8a2c26f5c647df8e4
4211578	2026-08-24T19:28:54+00:00	blocks/d13519344863a3e79c3a0a2bc6cb02b4
4213743	2026-08-24T19:29:05+00:00	blocks/d136af411a490a674eb4866bf4c4eb09
4211279	2026-08-24T19:27:48+00:00	blocks/d178901885fed2ce1d8ae785d0a91828
4225148	2026-08-24T19:28:18+00:00	blocks/d19f9e085d2b2ea0a9cef4a6bcf0cfbe
4215439	2026-08-24T19:28:20+00:00	blocks/d1a160b9ddc32fd8277656f22cbcd45c
4286503	2026-08-24T19:27:02+00:00	blocks/d1fb5169a75bb0dc9974e7fbc30b65c9
4432775	2026-08-24T19:27:21+00:00	blocks/d213df3c570be9ed3048edb43c53ce53
4212761	2026-08-24T19:29:14+00:00	blocks/d23f0c4c2bd671addc4c73dbc82d88ea
4438123	2026-08-24T19:27:07+00:00	blocks/d2526c21c6ba216447742fe83ce69847
4288822	2026-08-24T19:25:55+00:00	blocks/d278aaccd03284e2af5caed9db261a8a
4343404	2026-08-24T19:27:54+00:00	blocks/d2b7ba4017f7732ff2f051b2c253ec8e
4360437	2026-08-24T19:26:33+00:00	blocks/d2c47167b6c6c1e7d8481d94f7156068
4244627	2026-08-24T19:27:27+00:00	blocks/d2cb9b95b2c6deb82749609eeead084c
4358794	2026-08-24T19:25:46+00:00	blocks/d2d69a59e3598adf13f07471a2360e9a
4318727	2026-08-24T19:27:10+00:00	blocks/d2e64bd6700c1042fa0929e59c15c46e
4320248	2026-08-24T19:26:47+00:00	blocks/d2f90dfc4a3132440c8e201acc0b4605
4259712	2026-08-24T19:27:03+00:00	blocks/d33c848fff2487d6e247fb86df8e819f
4214560	2026-08-24T19:29:11+00:00	blocks/d33f488b6b6511311b947a16a9f1dde0
4401377	2026-08-24T19:26:41+00:00	blocks/d3618eafb435babcbc1c06164179493f
4219524	2026-08-24T19:28:32+00:00	blocks/d36636d5aa98a505d4fada00dcc71ea2
4323259	2026-08-24T19:25:49+00:00	blocks/d372bcf123c84ccde709f26a54500bf1
4379895	2026-08-24T19:25:46+00:00	blocks/d37650ed742f6f0dae44fe152b970551
4211675	2026-08-24T19:29:14+00:00	blocks/d40dd9774364a060df10d06f930e4db6
4270302	2026-08-24T19:27:58+00:00	blocks/d41555aeb1c0028578464b85766101af
4325798	2026-08-24T19:26:09+00:00	blocks/d41d5e303d8d7e968790aba32385af5f
4344287	2026-08-24T19:27:21+00:00	blocks/d4291d9c860e4b84df48147048b2c35d
4255711	2026-08-24T19:27:11+00:00	blocks/d42a202d407e4401a864aa01da85b6b6
4276073	2026-08-24T19:28:02+00:00	blocks/d4367873b52bbaca13d2ebba7c7b8ddf
4214926	2026-08-24T19:28:09+00:00	blocks/d465aa364f960ebce78c69e4aab7af2a
4218618	2026-08-24T19:28:41+00:00	blocks/d4a9fe31e22a0318c9108a337f6b4f92
4252643	2026-08-24T19:27:12+00:00	blocks/d4e26f3e87c6c28c203065ea4d6ef3f3
4209777	2026-08-24T19:29:09+00:00	blocks/d50b2cff86327df46a85f20c88a7245b
4332078	2026-08-24T19:25:59+00:00	blocks/d55095c8c00eef463493ed8fba8aca65
4211621	2026-08-24T19:28:56+00:00	blocks/d5aa79bda2d2b8c9b51666806a6c0b42
5212176	2026-08-24T19:26:20+00:00	blocks/d5b973f8963f53b22f2b478d644451a3
4211922	2026-08-24T19:29:23+00:00	blocks/d5d5ed6f4fed6e101da3a9c7545ee086
4215919	2026-08-24T19:28:20+00:00	blocks/d5e7ec9a8dca341d5a4d40573f8e26f1
4400588	2026-08-24T19:27:28+00:00	blocks/d5f3de7351a6fb5ac54d2537f680ee38
4362916	2026-08-24T19:26:01+00:00	blocks/d6391feb653f92ca32d0b42148f0b566
4349029	2026-08-24T19:27:26+00:00	blocks/d6a5ff51b4479bc8b0e5f07620fdb66e
4350497	2026-08-24T19:27:53+00:00	blocks/d6bc074bde880b8ca36b4e082e6f7a83
4210557	2026-08-24T19:28:19+00:00	blocks/d6f11e344fd689e622290c4a10193e89
4291947	2026-08-24T19:27:52+00:00	blocks/d710db1be246f909852c28a47e56c7b0
4272354	2026-08-24T19:27:22+00:00	blocks/d713a2a0b59c468f7c51eda4b90f1b46
4234514	2026-08-24T19:27:12+00:00	blocks/d72ec89ac782cf732d70a4d75c9598d5
4445801	2026-08-24T19:25:52+00:00	blocks/d74b6cb0c500f073108c8e3ee425f9fa
4324245	2026-08-24T19:27:28+00:00	blocks/d75842d121b0f785a0fc7e4dddfbb900
4206550	2026-08-24T19:26:20+00:00	blocks/d7612f51aa0ff12ce89c4f85f22e4f38
4350982	2026-08-24T19:26:42+00:00	blocks/d7998b2f50da284c1fbea85417bbe506
4363290	2026-08-24T19:25:48+00:00	blocks/d7e338d8d28725aefeaecc2f06d1c1f9
4218832	2026-08-24T19:28:22+00:00	blocks/d806fca9b716bad7bc6e50d7fcff99ab
4210528	2026-08-24T19:28:32+00:00	blocks/d819c13860fed5baba2786fd4229b201
4307601	2026-08-24T19:26:22+00:00	blocks/d81c29143f5e0c458f5d42f82ca3ff62
4300027	2026-08-24T19:26:26+00:00	blocks/d84abff0c246b31d6753fe9946b52e65
4330631	2026-08-24T19:27:29+00:00	blocks/d85d92aec0d9daf6432a86641e850d62
4319455	2026-08-24T19:27:13+00:00	blocks/d86174ebee468dd4a9dac910c48a284c
4255720	2026-08-24T19:26:33+00:00	blocks/d8f9b5460dcc5a0d8f0ec85f59729ebd
4219091	2026-08-24T19:28:39+00:00	blocks/d916384aeae60dc63172888987d59434
4359417	2026-08-24T19:26:31+00:00	blocks/d91b1858b908bb58de23aabea765c908
4219835	2026-08-24T19:28:10+00:00	blocks/d95074dd4f2b9387e0d591576d60c7b3
4213788	2026-08-24T19:28:17+00:00	blocks/d98adbebb286b4c350d4c797adb60a8e
4226405	2026-08-24T19:26:35+00:00	blocks/d98d59f247f993826f62464480050f20
4284019	2026-08-24T19:25:57+00:00	blocks/da6984b9f952960746ac67abe1511eca
4327782	2026-08-24T19:27:12+00:00	blocks/dab9ecf2a8cc4e58730a97a7c5353928
4215933	2026-08-24T19:26:59+00:00	blocks/db0ccca31d5fa4765c9964eb2cdacb22
4210528	2026-08-24T19:29:22+00:00	blocks/db0d573aadb984f514fd474736d8c343
4379491	2026-08-24T19:26:01+00:00	blocks/db1986ee49395863a4bd921e41f2e266
4219157	2026-08-24T19:28:01+00:00	blocks/db815f48f6caaf6efbfc6c35f77dfa7c
4493027	2026-08-24T19:25:49+00:00	blocks/db98e989d5483ad9879cd87b6826f33f
4326043	2026-08-24T19:26:23+00:00	blocks/dbb786e5fc709d8273ec88b4eecb3203
4354389	2026-08-24T19:26:52+00:00	blocks/dbc401fc33ab2aabaca3e007105817d0
4352839	2026-08-24T19:27:00+00:00	blocks/dbf5b7616aaf6710f0ed00b1379bf514
4323453	2026-08-24T19:27:07+00:00	blocks/dc4e67d7b5f32042c7388710fa00bb92
2097260	2026-08-24T19:26:00+00:00	blocks/dc5307be3221cb05c79e8c2b72ea99be
4332167	2026-08-24T19:25:49+00:00	blocks/dc6e1e8330b334ebcef355ef112f2679
4423116	2026-08-24T19:27:52+00:00	blocks/dc77dc3bcb304d6b7135c3cca1d713ca
4226682	2026-08-24T19:28:56+00:00	blocks/dc8425f6a34deb91b95b88c6088b54b3
4305254	2026-08-24T19:27:33+00:00	blocks/dd077fc9c8a9c266a2217d4dc5353af3
4374195	2026-08-24T19:26:20+00:00	blocks/dd42b876d2d3ac5e881e90e22eccca1c
4309854	2026-08-24T19:26:21+00:00	blocks/dd8b8e27bccc2216f3e5110af1e05f83
4218791	2026-08-24T19:28:14+00:00	blocks/ddee33a09ea6aecd55790c6d2110056e
4245120	2026-08-24T19:27:29+00:00	blocks/ddf537de836ea70ed916a47ed46a500c
4367862	2026-08-24T19:27:52+00:00	blocks/de33d74ceb676485ecb07a865cee0576
4211577	2026-08-24T19:28:51+00:00	blocks/de68d0199415f5f2899ce2e2ff1ef4d5
4426652	2026-08-24T19:27:13+00:00	blocks/de6ca772c710981fcf42a71d4e1076f7
4219001	2026-08-24T19:28:09+00:00	blocks/de740b4ff6164b792262781d36cec7e4
4333201	2026-08-24T19:25:52+00:00	blocks/de7593e76dc25641150667b5ba3c227b
4209688	2026-08-24T19:29:13+00:00	blocks/ded8f0a61a39e1b2f965f0ea9cd8f727
3656971	2026-08-24T19:28:49+00:00	blocks/df3e64effa8987173ffd358eca0ab1e1
4243466	2026-08-24T19:27:43+00:00	blocks/df3f7ef3ae329b34d24abeb9d0023808
4355526	2026-08-24T19:26:33+00:00	blocks/df6b8ae257032fc79b4de3548abbdae8
4339524	2026-08-24T19:25:46+00:00	blocks/df6c11782c52126832adf9d664f35fbf
4470282	2026-08-24T19:26:31+00:00	blocks/df76197bc7198357d6d9bd1ed584fabc
4211411	2026-08-24T19:28:11+00:00	blocks/df858b42a22b66a8f4dc3e6be395e084
4287158	2026-08-24T19:27:03+00:00	blocks/df9094d32cf7c90c76e1added43fc512
4282398	2026-08-24T19:26:23+00:00	blocks/e006f64c3cbd4bc51c3ade89ff64b2b0
4265649	2026-08-24T19:26:27+00:00	blocks/e019ad4cf682d5892a7e6b4ada2960f6
4488374	2026-08-24T19:26:23+00:00	blocks/e01a8a6c69c0296010237bcd8ed6b527
4309555	2026-08-24T19:25:51+00:00	blocks/e0d0b1fd4476e5e5c8b77059264d1e9c
4211141	2026-08-24T19:28:43+00:00	blocks/e0e4e0c5d067dffb467ddfe08c748634
4300796	2026-08-24T19:25:53+00:00	blocks/e16b76cbce11b68c7c4e086e8faaaa5d
4240630	2026-08-24T19:28:39+00:00	blocks/e1845ec97534e7722ff134d5eb260024
4218899	2026-08-24T19:28:56+00:00	blocks/e188cff4732e31f094f517002f79194b
4398411	2026-08-24T19:27:24+00:00	blocks/e1c599b990ae5f1be630aec397b0a509
4215229	2026-08-24T19:28:51+00:00	blocks/e1fa5c494ab3b613a47ad31b50891eba
4327778	2026-08-24T19:27:10+00:00	blocks/e243f65d1894a22ba76f05ea2e52bab0
4212319	2026-08-24T19:28:08+00:00	blocks/e27585a08b26159cac895c27efa37500
4211723	2026-08-24T19:28:45+00:00	blocks/e2a02b4e27de8d396b87f5f543213999
4275697	2026-08-24T19:25:55+00:00	blocks/e2fdb3dd2e836d5f837be853eb54c9b9
4215710	2026-08-24T19:29:09+00:00	blocks/e2fe7953c59f8419c7f507335b5bc9cf
4286994	2026-08-24T19:25:53+00:00	blocks/e348341babf53d09cef7f4f109b0683f
4318230	2026-08-24T19:26:49+00:00	blocks/e3badf97ee6b9b9f8caf1335c7e12f6b
4212054	2026-08-24T19:28:27+00:00	blocks/e401679d575b11635ff9259767d748f4
4321526	2026-08-24T19:27:52+00:00	blocks/e4506690998b798b3cec577437096031
4236452	2026-08-24T19:27:12+00:00	blocks/e48517e437178c8c2862ae8bb9f2fc49
4363083	2026-08-24T19:27:56+00:00	blocks/e4bf4d2d60a1c262293977372d4afe96
4211034	2026-08-24T19:28:27+00:00	blocks/e4c81106bb87c878e33d76679c4057fe
4318388	2026-08-24T19:26:44+00:00	blocks/e504858ff75576612289e88ed873b578
4271424	2026-08-24T19:26:36+00:00	blocks/e58b0962e3d1a3a6dcec030870491c3e
4345812	2026-08-24T19:26:45+00:00	blocks/e599f9e3c9c0a47fbff4cacf9ef6aa68
4281615	2026-08-24T19:27:43+00:00	blocks/e5a91f4aad7dd7da62434a0acb461b92
4288039	2026-08-24T19:27:07+00:00	blocks/e5dbf2f69ce14b655add6cab30aeee91
4267283	2026-08-24T19:26:07+00:00	blocks/e684eaa3bc90f085d29c184592a1547a
4306743	2026-08-24T19:26:43+00:00	blocks/e6f030295da66c1eac95b21b4b401491
4235655	2026-08-24T19:28:35+00:00	blocks/e75885d64ccc6cc9b9d8c32153961541
4217544	2026-08-24T19:26:20+00:00	blocks/e75cbcb3057cdf3fc97d77c5fd5d4b19
4323498	2026-08-24T19:26:52+00:00	blocks/e77ccd27c8baf128bf1e254a887b76d9
4214793	2026-08-24T19:28:26+00:00	blocks/e77ee0ab53a56b817ca37b10c1715a61
4384549	2026-08-24T19:26:45+00:00	blocks/e7847ef246b1514f502a7ffe3b0bca1f
4255726	2026-08-24T19:27:50+00:00	blocks/e7bd7ad5136cc0fb889ddbca1fbdc86e
4363307	2026-08-24T19:27:10+00:00	blocks/e800f9a74573427a444883948a70012a
4293910	2026-08-24T19:26:53+00:00	blocks/e84dd8eedfcfffb6260226b5d5893a48
4219133	2026-08-24T19:28:10+00:00	blocks/e84e0c1c14da2f434a1bda36d28486ec
4279981	2026-08-24T19:26:04+00:00	blocks/e86136a1b5cb770cce42ccd56d75f7ca
4219905	2026-08-24T19:28:53+00:00	blocks/e89860481387897875895eff8abb4e83
4398824	2026-08-24T19:25:57+00:00	blocks/e898a38871344585e1ee31c86b5d76e9
4312767	2026-08-24T19:26:43+00:00	blocks/e9e4e14bd6ec020f8093e5610ae4cdc7
4211881	2026-08-24T19:27:58+00:00	blocks/ea2e6c4282691e8b444ae834a86fad73
4219495	2026-08-24T19:28:51+00:00	blocks/ea6d21e1ebeaf984c8fec845dad9ea87
4318719	2026-08-24T19:25:50+00:00	blocks/ea8986e0d3f9278d7e825a217b313e34
4283674	2026-08-24T19:27:12+00:00	blocks/eaa3010701766615f67024d2355e48c6
4315529	2026-08-24T19:25:51+00:00	blocks/eab74cdc746d95b01f32de9040791c67
4262760	2026-08-24T19:27:11+00:00	blocks/eace3cadef395f836bf8d721f25b9108
4215109	2026-08-24T19:28:18+00:00	blocks/ead938cd8d43182eb9954d9b70608bfa
4288307	2026-08-24T19:25:46+00:00	blocks/eaef6fb78502cae3648e81695cdde99c
4407650	2026-08-24T19:26:22+00:00	blocks/eb2d205f057f79012a951c7b9baffc84
5277792	2026-08-24T19:25:54+00:00	blocks/eb315a6b0984ff6132579ad2eba6522b
4344919	2026-08-24T19:27:50+00:00	blocks/eb8ca1453ed1924bd36a9d962ce0d215
4292592	2026-08-24T19:25:51+00:00	blocks/eb9e94ea3a7d9fa2430ab6e666cd1e27
4210837	2026-08-24T19:28:32+00:00	blocks/ebd1bec29ef7643bb2ffad3c9aa6f683
4288096	2026-08-24T19:26:21+00:00	blocks/ec2fb5693291d373f73a67597141ac85
4211141	2026-08-24T19:28:48+00:00	blocks/ec4028ac34736aebd79848c897568ad8
4214889	2026-08-24T19:28:25+00:00	blocks/ec706d21b8bf75dbf2df842b9ed250c4
4210326	2026-08-24T19:28:46+00:00	blocks/ec7ce581c04edba886efe01216be560f
4335234	2026-08-24T19:27:01+00:00	blocks/ec87099d1d07c184eb6677304bb7c45f
4301018	2026-08-24T19:25:54+00:00	blocks/ecc536f6264aaecd87dff986804beb91
4247695	2026-08-24T19:26:31+00:00	blocks/ecea8c5990ef9f88290034203d2ad8c0
4213793	2026-08-24T19:28:25+00:00	blocks/ecf8659a4094d0283efcb327fdb76978
4214834	2026-08-24T19:28:58+00:00	blocks/ed0a95c1795442508e4e19839a5a853d
4400664	2026-08-24T19:27:57+00:00	blocks/ed4dc03138a0f78ac3002797b11a402a
4302513	2026-08-24T19:25:53+00:00	blocks/ed5acaa7627b2202f9744b55caa11ee0
4258293	2026-08-24T19:26:52+00:00	blocks/ed77481b6c3c799945170be6b93da2ed
4236424	2026-08-24T19:28:18+00:00	blocks/eda3c2037337e470a30021464ff40a93
4322942	2026-08-24T19:26:22+00:00	blocks/edd2491f1eca58c9cb0f7324e1bee2e6
4210894	2026-08-24T19:28:37+00:00	blocks/ee41c9860f4c61d4ab0fc568f84b54e4
4276868	2026-08-24T19:26:27+00:00	blocks/ee4937715842ac874a270b8b9ffbab40
4211244	2026-08-24T19:28:33+00:00	blocks/ee6ee6d7d1de31f4080f0f8adf130662
5090869	2026-08-24T19:26:18+00:00	blocks/ee94acd46194c7392684191c66497eeb
4230456	2026-08-24T19:26:31+00:00	blocks/ee9c20f0a8819e11758de50ef4e5e8a4
4272693	2026-08-24T19:26:07+00:00	blocks/ef4a5569059b3748f2e524659cbb2661
4359664	2026-08-24T19:27:56+00:00	blocks/ef57bae7a716e5a0f1a4a5b7004ef328
4394540	2026-08-24T19:25:54+00:00	blocks/ef93ec5ebd6ec126ce3cb240566bbe4d
4235020	2026-08-24T19:25:51+00:00	blocks/efbc47105a3aaf22f85384b8064e2078
4268457	2026-08-24T19:26:25+00:00	blocks/eff226434aabe715ecefee7a9664e533
4309295	2026-08-24T19:27:55+00:00	blocks/effc7517ce4a83b14cca831ca6ed11b4
4294125	2026-08-24T19:27:24+00:00	blocks/f0285c5dac6c11823e082f009e2d530f
4334053	2026-08-24T19:27:21+00:00	blocks/f0a128512c0a0840da759f8453727d29
4367890	2026-08-24T19:27:13+00:00	blocks/f0de5f4d2809f59b1d3648e2370cf6fe
4224007	2026-08-24T19:29:14+00:00	blocks/f1152736695529fa3da36b2ce7ef914c
4326111	2026-08-24T19:26:23+00:00	blocks/f11a9c45acf3c75791199f7c604031b4
4225173	2026-08-24T19:28:01+00:00	blocks/f138820ccef11dec5617f4d93390f1b4
4313408	2026-08-24T19:25:46+00:00	blocks/f20359fc8c4d866ff443d7f8c7a73c24
4237996	2026-08-24T19:27:27+00:00	blocks/f241c4d15ac6a697e5da16c1154f81e1
4210670	2026-08-24T19:29:09+00:00	blocks/f256ca15a078ac8f2d68840cbdbbf2f4
4211171	2026-08-24T19:28:56+00:00	blocks/f25f6e9518b0a316c013ec16b0dcaa80
4357771	2026-08-24T19:28:02+00:00	blocks/f283afa752cfbba7e71a76e85c22e3ea
4344352	2026-08-24T19:26:50+00:00	blocks/f2b1c16f8caa8e4610dacdbd43e8d860
4222408	2026-08-24T19:27:22+00:00	blocks/f2f953d7ea57241ff78c928620da1d73
4397437	2026-08-24T19:27:55+00:00	blocks/f3189c9aca63b5533a692425d4528b90
4391312	2026-08-24T19:26:53+00:00	blocks/f31cd7c6b005f02b2f5d884836e50514
4400356	2026-08-24T19:25:49+00:00	blocks/f35ca2889b4b126d61ba2baa34254587
4322868	2026-08-24T19:28:00+00:00	blocks/f3ae609d441f9c49a82c1d5cb336e9dc
4292150	2026-08-24T19:26:09+00:00	blocks/f3e5fd3eec5c5119b0a32be00507036b
4321360	2026-08-24T19:26:20+00:00	blocks/f474579e68184f6360073d139996f8db
4362742	2026-08-24T19:26:05+00:00	blocks/f47601320d154126117e52927d069c6d
4380902	2026-08-24T19:27:55+00:00	blocks/f47ce8ad0b8eaa71daea7adff97ebb9b
4354166	2026-08-24T19:26:50+00:00	blocks/f50aad1359d56cc2240de5844c168937
4196922	2026-08-24T19:26:20+00:00	blocks/f539635c9e655e0d58a8df54b5b6c2c3
4304980	2026-08-24T19:28:02+00:00	blocks/f5b9b75fb2ecc7b76899e478e6e7d6b2
5243093	2026-08-24T19:26:20+00:00	blocks/f5eb063a78446181f1a16b6316a8eee6
4297130	2026-08-24T19:26:35+00:00	blocks/f624539cb26c5f1a58a719c39be81be6
4345303	2026-08-24T19:27:03+00:00	blocks/f62790638410e2792f6bc81c4c2907cd
4212561	2026-08-24T19:29:00+00:00	blocks/f66a8578806f9d68c2ab5f8ada1e8fc1
4442111	2026-08-24T19:27:53+00:00	blocks/f67f652840504f79d288bf8b3eaf4292
4362686	2026-08-24T19:27:14+00:00	blocks/f68de34b88a9d0c50c4e13c679e60a66
4295267	2026-08-24T19:25:49+00:00	blocks/f6ad7c94e29f671f17b54617a76448d8
4376431	2026-08-24T19:26:00+00:00	blocks/f6b1ec7163f27ae8ed98dd979f749770
4285581	2026-08-24T19:26:23+00:00	blocks/f6bd8f78cb55fe03fec89c76e657776a
4214755	2026-08-24T19:28:11+00:00	blocks/f6c050e817490b7f9e848e84c8266e0b
4252886	2026-08-24T19:27:01+00:00	blocks/f704483ab020e4493d74860e52d20870
4295358	2026-08-24T19:27:57+00:00	blocks/f74c1a6d72a3a66b16b0ae3fcd690faf
4298522	2026-08-24T19:25:57+00:00	blocks/f7902b35f281840ba70307c8ea2ade0b
4299865	2026-08-24T19:26:45+00:00	blocks/f80790148e8aee3191a13c9a97b35a3a
4211481	2026-08-24T19:28:32+00:00	blocks/f81434e979843b8a472ea162a720709a
4381907	2026-08-24T19:27:55+00:00	blocks/f86623adad9f4e4a5805ec9226b1126c
4210809	2026-08-24T19:28:54+00:00	blocks/f87eb7a5d0f8112a7f4cd1696686143b
4556029	2026-08-24T19:27:12+00:00	blocks/f88c2fe9b7f5733093578f509da24468
4516020	2026-08-24T19:26:56+00:00	blocks/f88d240092aeb927b1959061c17cf044
4272531	2026-08-24T19:28:00+00:00	blocks/f89811d21c6bf6bbc31ed5f8afdd0885
4297045	2026-08-24T19:26:20+00:00	blocks/f906bc2795721f3c4179a80d2430e605
4379118	2026-08-24T19:26:03+00:00	blocks/f909d52a12632d4b7774c428114cf464
4263837	2026-08-24T19:26:28+00:00	blocks/f90ef3dc48c8c20407ca8751283e1918
4276946	2026-08-24T19:26:35+00:00	blocks/f913b040aa9828e5f50b31bba874ec4b
4218890	2026-08-24T19:28:12+00:00	blocks/f9726f2ec3b73bf5262e0e40ee4ac006
4230298	2026-08-24T19:28:50+00:00	blocks/fa0cc54f47bc194cb6267b2fd1d93b21
4464871	2026-08-24T19:25:51+00:00	blocks/fa0d275ecc8a224af8230136a44948e3
4304177	2026-08-24T19:27:12+00:00	blocks/fa480ecb4565f0a3d195e3e30a0471f4
4352741	2026-08-24T19:27:06+00:00	blocks/faad7caa885bf04dea437e011a739715
4223969	2026-08-24T19:28:44+00:00	blocks/fab146fd3024b68c6dffe80a277900c3
4215948	2026-08-24T19:29:11+00:00	blocks/fafd7ba207cebc665a7a7eea9ba7d772
4241661	2026-08-24T19:26:45+00:00	blocks/fb0c279a982e309a59a920796a32071b
4362494	2026-08-24T19:28:01+00:00	blocks/fbc123af1d76052b89c1ddc8112c1a8f
4314420	2026-08-24T19:27:28+00:00	blocks/fbd0c3d4174e967dfe0c1f3a7ff89d88
4210938	2026-08-24T19:28:03+00:00	blocks/fbdee0097a5dd050802fc7aeb6d5b443
4480608	2026-08-24T19:27:33+00:00	blocks/fbe652acec3f1ae6d3116969dbe4051d
4210982	2026-08-24T19:28:37+00:00	blocks/fbf1422229c65017d4ed36896ef4e414
4339344	2026-08-24T19:26:26+00:00	blocks/fbf61b6856bfcb0e58bc50fcfded77fd
4244616	2026-08-24T19:29:02+00:00	blocks/fc74f3df39f54198d2b27f2e681cdfc4
4211138	2026-08-24T19:28:46+00:00	blocks/fc9314647f4f54704ae6a1e28966d06e
4357343	2026-08-24T19:26:43+00:00	blocks/fc960230691e1ca0b31591f6bed7eca0
4333395	2026-08-24T19:26:20+00:00	blocks/fca114cc0db4c0198692915693b915ed
4219300	2026-08-24T19:28:29+00:00	blocks/fca443367129442a4af333dcf4ab26d8
4417087	2026-08-24T19:27:10+00:00	blocks/fcba8819e728ff2b0d4966b2ef6ddb5e
4348312	2026-08-24T19:26:41+00:00	blocks/fcdf2e7e4fc206206bfeb15a23a10213
4211274	2026-08-24T19:29:08+00:00	blocks/fd06b9fc6ef6a2811f78f68645e791d5
4397886	2026-08-24T19:27:53+00:00	blocks/fd17a754253239aee00b8f37aa0cc8ca
5009839	2026-08-24T19:25:54+00:00	blocks/fd42f3069aedd5ea9e3d7851d42fada5
4272665	2026-08-24T19:25:58+00:00	blocks/fd5a52374e16af3b2ca5a6e18a865293
4359181	2026-08-24T19:25:59+00:00	blocks/fd68331eb9a9a9c3dd4926e716e5c96b
4329676	2026-08-24T19:26:08+00:00	blocks/fd6ec77e6b29197b9a00a53a709d150d
4296628	2026-08-24T19:27:39+00:00	blocks/fda97c2cb30435f251dd9471a65e7206
1998044	2026-08-24T19:29:23+00:00	blocks/fdbe9787a62ade52d619b5d5f3aa4f8c
4320983	2026-08-24T19:27:14+00:00	blocks/fdd7fd1fdf13172f62e8b63896f12c60
4374356	2026-08-24T19:27:26+00:00	blocks/fdde0faa81d67ddd6356d17f41bbcf71
4550133	2026-08-24T19:25:57+00:00	blocks/fde587c927c784f081c953b7406c0ae8
4222610	2026-08-24T19:27:33+00:00	blocks/fe1ede336caf2445f10ddb6f959404c7
4442912	2026-08-24T19:25:59+00:00	blocks/fe393d1e68967ace7925ca5115d7d093
4227490	2026-08-24T19:28:10+00:00	blocks/fe8058cb0e9e712dbb7c84fe37ba0fd6
4210831	2026-08-24T19:28:45+00:00	blocks/fe93154605dfe9bda6a4bbbb1b98a207
4260205	2026-08-24T19:26:49+00:00	blocks/fef86824139fdda8dda19e34cf7dd7f3
4315221	2026-08-24T19:26:23+00:00	blocks/ff6d4712288557b3554211822144616c
4295297	2026-08-24T19:27:24+00:00	blocks/ff7aa4271bdfc06c1cef309d529efcb4
4526946	2026-08-24T19:27:29+00:00	blocks/ffd0aa9800fa9ec2e6880b86be461e92
4194482	2026-08-24T19:26:00+00:00	blocks/ffd232e00d08a03362afbbd83653d084
4212083	2026-08-24T19:28:59+00:00	blocks/ffd32f048e9038fdb6d9a73aab117db0
